day,open,close,high,low,raw_close,benchmark_close,volume
2022-01-04,13.13900000,13.22000000,13.52900000,12.68800000,39.32000000,3632.33000000,13005900.00000000
2022-01-05,13.10300000,12.71700000,13.34000000,12.47600000,37.94000000,3595.18000000,11476400.00000000
2022-01-06,12.57500000,12.84100000,13.24100000,12.57500000,38.28000000,3586.08000000,15838200.00000000
2022-01-07,12.84100000,12.36300000,13.07700000,12.35600000,36.97000000,3579.54000000,9550900.00000000
2022-01-10,12.38900000,12.94600000,13.00100000,12.14100000,38.57000000,3593.52000000,10667400.00000000
2022-01-11,12.91300000,12.77500000,13.17200000,12.74200000,38.10000000,3567.44000000,6026300.00000000
2022-01-12,12.77500000,12.23900000,12.96800000,11.64500000,36.63000000,3597.43000000,22234000.00000000
2022-01-13,12.28300000,11.41900000,12.42900000,11.31400000,34.38000000,3555.26000000,17209900.00000000
2022-01-14,11.41900000,11.42300000,11.56100000,11.28400000,34.39000000,3521.26000000,8530900.00000000
2022-01-17,11.57200000,12.83300000,13.04100000,11.48100000,38.26000000,3541.67000000,22862500.00000000
2022-01-18,12.81100000,12.89200000,13.31400000,12.59300000,38.42000000,3569.91000000,17742800.00000000
2022-01-19,12.92100000,12.84400000,13.23100000,12.72400000,38.29000000,3558.18000000,10152900.00000000
2022-01-20,12.94600000,12.69800000,13.05600000,12.57800000,37.89000000,3555.06000000,10722800.00000000
2022-01-21,12.99700000,12.68000000,13.31400000,12.48700000,37.84000000,3522.57000000,11264500.00000000
2022-01-24,12.19200000,12.49100000,12.65500000,12.11200000,37.32000000,3524.11000000,8477700.00000000
2022-01-25,12.42900000,12.31900000,13.02600000,12.30900000,36.85000000,3433.06000000,13675900.00000000
2022-01-26,12.30100000,12.34500000,12.51300000,11.93700000,36.92000000,3455.67000000,8200800.00000000
2022-01-27,12.22800000,11.79100000,12.31600000,11.65600000,35.40000000,3394.25000000,11528500.00000000
2022-01-28,11.80900000,11.62000000,12.27900000,11.57600000,34.93000000,3361.44000000,7621200.00000000
2022-02-07,11.93700000,12.12600000,12.55600000,11.93700000,36.32000000,3429.58000000,8830900.00000000
2022-02-08,12.09000000,11.79800000,12.25700000,11.49900000,35.42000000,3452.63000000,9819500.00000000
2022-02-09,11.93700000,12.83000000,12.88100000,11.86800000,38.25000000,3479.95000000,16050200.00000000
2022-02-10,12.60400000,12.79300000,13.04100000,12.60000000,38.15000000,3485.91000000,10302000.00000000
2022-02-11,12.62200000,12.28300000,12.73500000,11.89700000,36.75000000,3462.95000000,13047700.00000000
2022-02-14,12.11900000,12.43600000,12.73900000,11.97000000,37.17000000,3428.88000000,8148600.00000000
2022-02-15,12.30100000,12.76000000,12.86200000,12.23200000,38.06000000,3446.09000000,11115900.00000000
2022-02-16,13.00100000,12.77900000,13.10300000,12.71700000,38.11000000,3465.83000000,9537900.00000000
2022-02-17,12.76400000,12.35200000,12.88100000,12.23600000,36.94000000,3468.04000000,10696500.00000000
2022-02-18,12.93900000,12.92100000,13.24100000,12.66600000,38.50000000,3490.76000000,19299900.00000000
2022-02-21,13.23400000,13.81700000,14.03600000,12.94600000,40.96000000,3490.61000000,29619400.00000000
2022-02-22,13.45300000,13.02600000,13.46700000,12.99700000,38.79000000,3457.15000000,19989800.00000000
2022-02-23,13.03400000,13.34000000,13.50000000,12.81100000,39.65000000,3489.15000000,15650200.00000000
2022-02-24,13.22700000,12.62900000,13.43100000,12.21000000,37.70000000,3429.96000000,18407600.00000000
2022-02-25,12.67300000,12.41100000,12.99400000,12.31600000,37.10000000,3451.41000000,13564900.00000000
2022-02-28,12.26500000,12.61500000,12.84800000,12.14100000,37.66000000,3462.31000000,11859000.00000000
2022-03-01,12.62900000,12.84100000,12.97900000,12.52000000,38.28000000,3488.83000000,9240400.00000000
2022-03-02,12.70200000,12.45400000,12.75700000,12.36000000,37.22000000,3484.19000000,7547000.00000000
2022-03-03,12.52700000,12.19600000,12.61800000,12.19200000,36.51000000,3481.11000000,6791700.00000000
2022-03-04,12.14800000,11.80900000,12.33800000,11.68200000,35.45000000,3447.65000000,10647900.00000000
2022-03-07,11.80900000,11.27400000,11.90000000,11.03700000,33.98000000,3372.86000000,12950900.00000000
2022-03-08,11.10200000,11.18200000,11.42700000,10.93100000,33.73000000,3293.53000000,11209500.00000000
2022-03-09,11.23700000,11.37600000,11.40800000,10.39900000,34.26000000,3256.39000000,11468100.00000000
2022-03-10,11.85700000,11.25500000,11.85700000,11.16100000,33.93000000,3296.09000000,10073600.00000000
2022-03-11,10.96400000,10.92700000,10.99300000,10.41000000,33.03000000,3309.75000000,11327500.00000000
2022-03-14,10.79600000,10.29700000,10.79600000,10.23500000,31.30000000,3223.53000000,9038600.00000000
2022-03-15,10.19100000,9.65200000,10.26800000,9.65200000,29.53000000,3063.97000000,13899200.00000000
2022-03-16,9.85600000,10.01300000,10.06400000,9.38900000,30.52000000,3170.71000000,12828900.00000000
2022-03-17,10.15100000,10.30000000,10.47500000,10.15100000,31.31000000,3215.04000000,11774300.00000000
2022-03-18,10.20900000,10.29700000,10.37000000,10.12600000,31.30000000,3251.07000000,5870500.00000000
2022-03-21,10.29700000,10.34400000,10.51200000,10.16900000,31.43000000,3253.69000000,6017100.00000000
2022-03-22,10.27100000,10.04900000,10.29000000,9.97200000,30.62000000,3259.86000000,6461600.00000000
2022-03-23,10.14400000,11.06200000,11.21900000,9.92500000,33.40000000,3271.03000000,20525300.00000000
2022-03-24,10.73400000,10.55200000,10.88000000,10.46100000,32.00000000,3250.26000000,13495800.00000000
2022-03-25,10.43500000,10.17300000,10.49400000,10.10700000,30.96000000,3212.24000000,8140300.00000000
2022-03-28,10.00200000,10.37700000,10.41300000,9.77900000,31.52000000,3214.50000000,7806800.00000000
2022-03-29,10.40300000,10.23900000,10.60300000,10.11800000,31.14000000,3203.94000000,5290900.00000000
2022-03-30,10.37000000,10.40600000,10.51200000,10.26000000,31.60000000,3266.60000000,5322200.00000000
2022-03-31,10.37000000,10.26000000,10.37000000,10.14700000,31.20000000,3252.20000000,4449600.00000000
2022-04-01,10.19800000,9.89200000,10.20900000,9.84900000,30.19000000,3282.72000000,8014400.00000000
2022-04-06,9.82700000,9.75400000,9.86300000,9.60400000,29.81000000,3283.43000000,5849200.00000000
2022-04-07,9.68100000,9.41500000,9.75000000,9.28400000,28.88000000,3236.70000000,6208600.00000000
2022-04-08,9.47700000,9.33800000,9.49500000,9.04300000,28.67000000,3251.85000000,5675700.00000000
2022-04-11,9.24400000,8.78100000,9.34600000,8.62800000,27.14000000,3167.13000000,6433100.00000000
2022-04-12,8.70400000,8.79200000,8.89400000,8.52200000,27.17000000,3213.33000000,6234300.00000000
2022-04-13,8.66400000,8.32900000,8.67500000,8.32900000,25.90000000,3186.82000000,6330800.00000000
2022-04-14,8.47500000,8.51800000,8.61300000,8.33300000,26.42000000,3225.64000000,6783700.00000000
2022-04-15,8.39100000,8.70800000,8.78100000,8.34000000,26.94000000,3211.24000000,7944400.00000000
2022-04-18,8.69300000,9.20000000,9.22900000,8.56600000,28.29000000,3195.52000000,8866200.00000000
2022-04-19,9.12000000,9.22200000,9.29500000,9.10500000,28.35000000,3194.03000000,4983100.00000000
2022-04-20,9.26200000,9.24000000,9.42200000,9.09800000,28.40000000,3151.05000000,4633200.00000000
2022-04-21,9.17800000,8.92300000,9.34200000,8.86500000,27.53000000,3079.81000000,6332000.00000000
2022-04-22,8.73000000,7.31900000,8.82100000,7.31600000,23.13000000,3086.92000000,27057100.00000000
2022-04-25,7.29800000,6.95500000,7.53400000,6.95500000,22.13000000,2928.51000000,15031300.00000000
2022-04-26,7.11200000,6.70700000,7.25400000,6.62000000,21.45000000,2886.43000000,11409800.00000000
2022-04-27,6.61200000,7.24300000,7.27200000,6.55400000,22.92000000,2958.28000000,13543400.00000000
2022-04-28,7.12600000,6.91900000,7.21000000,6.80600000,22.03000000,2975.48000000,10868200.00000000
2022-04-29,7.08600000,7.40700000,7.53800000,6.83800000,23.37000000,3047.06000000,17530900.00000000
2022-05-05,7.29000000,7.57800000,7.77900000,7.29000000,23.84000000,3067.76000000,14138600.00000000
2022-05-06,7.31600000,7.45400000,7.56400000,7.29000000,23.50000000,3001.56000000,7552700.00000000
2022-05-09,7.43200000,7.49100000,7.64400000,7.33000000,23.60000000,3004.14000000,7119000.00000000
2022-05-10,7.34500000,7.92800000,7.98600000,7.31200000,24.80000000,3035.84000000,12251100.00000000
2022-05-11,7.91300000,8.31400000,8.90500000,7.82200000,25.86000000,3058.70000000,18153900.00000000
2022-05-12,8.26000000,8.38000000,8.44900000,8.23100000,26.04000000,3054.99000000,7582600.00000000
2022-05-13,8.43800000,8.33300000,8.45600000,8.10700000,25.91000000,3084.28000000,7479900.00000000
2022-05-16,8.34000000,8.14700000,8.49700000,8.04100000,25.40000000,3073.75000000,7292600.00000000
2022-05-17,8.20900000,8.27100000,8.30700000,8.00800000,25.74000000,3093.70000000,6038400.00000000
2022-05-18,8.33300000,8.27100000,8.46000000,8.23400000,25.74000000,3085.98000000,5311300.00000000
2022-05-19,8.02300000,8.18300000,8.27400000,8.00800000,25.50000000,3096.96000000,5926100.00000000
2022-05-20,8.22000000,8.22000000,8.40900000,8.12100000,25.60000000,3146.57000000,8396300.00000000
2022-05-23,8.23100000,8.22300000,8.28200000,8.02300000,25.61000000,3146.86000000,5985300.00000000
2022-05-24,8.22300000,7.66600000,8.44900000,7.64000000,24.08000000,3070.93000000,10089800.00000000
2022-05-25,7.61500000,7.68800000,7.73100000,7.57800000,24.14000000,3107.46000000,6387900.00000000
2022-05-26,7.84100000,8.14300000,8.27400000,7.45800000,25.39000000,3123.11000000,13235300.00000000
2022-05-27,8.14300000,7.85500000,8.27400000,7.76800000,24.60000000,3130.24000000,8249800.00000000
2022-05-30,7.81100000,7.96400000,8.11400000,7.71700000,24.90000000,3149.06000000,6392900.00000000
2022-05-31,7.93500000,8.27800000,8.34300000,7.88400000,25.76000000,3186.43000000,9639800.00000000
2022-06-01,8.21600000,8.28200000,8.46000000,8.18300000,25.77000000,3182.16000000,6678300.00000000
2022-06-02,8.20100000,8.45600000,8.52900000,8.17600000,26.25000000,3195.46000000,9258300.00000000
2022-06-06,8.51100000,8.78100000,8.83900000,8.46700000,27.14000000,3236.37000000,9542900.00000000
2022-06-07,8.85700000,8.72600000,8.85700000,8.56600000,26.99000000,3241.76000000,8705000.00000000
2022-06-08,8.73000000,8.61700000,8.90100000,8.43800000,26.69000000,3263.79000000,7830500.00000000
2022-06-09,8.65700000,8.32900000,8.65700000,8.26000000,25.90000000,3238.95000000,6225400.00000000
2022-06-10,8.29200000,8.58000000,8.62400000,8.24500000,26.59000000,3284.83000000,6419500.00000000
2022-06-13,8.54800000,8.65000000,8.75200000,8.46700000,26.78000000,3255.55000000,5475100.00000000
2022-06-14,8.51100000,8.37600000,8.51500000,8.04500000,26.03000000,3288.91000000,9176100.00000000
2022-06-15,8.32200000,8.52900000,8.80300000,8.30300000,26.45000000,3305.41000000,9539500.00000000
2022-06-16,8.58400000,8.56200000,8.77000000,8.47800000,26.54000000,3285.38000000,8087500.00000000
2022-06-17,8.48200000,8.59100000,8.66800000,8.34700000,26.62000000,3316.79000000,9325200.00000000
2022-06-20,8.76600000,8.64200000,8.96700000,8.59100000,26.76000000,3315.43000000,10491800.00000000
2022-06-21,8.69700000,8.39800000,8.70100000,8.29200000,26.09000000,3306.72000000,9720900.00000000
2022-06-22,8.43500000,7.92100000,8.46000000,7.84400000,24.78000000,3267.20000000,11040600.00000000
2022-06-23,7.94700000,8.30100000,8.33400000,7.94700000,25.71000000,3320.15000000,11104000.00000000
2022-06-24,8.38800000,8.14800000,8.43900000,8.04200000,25.29000000,3349.75000000,14537900.00000000
2022-06-27,8.22100000,8.24600000,8.46100000,8.14000000,25.56000000,3379.19000000,11640600.00000000
2022-06-28,8.22400000,8.45400000,8.46100000,7.99800000,26.13000000,3409.21000000,12335100.00000000
2022-06-29,8.40300000,8.27900000,8.70200000,8.24200000,25.65000000,3361.52000000,15013700.00000000
2022-06-30,8.24200000,8.47900000,8.63600000,8.22400000,26.20000000,3398.62000000,12555200.00000000
2022-07-01,8.43600000,8.25000000,8.52700000,8.17300000,25.57000000,3387.64000000,12032000.00000000
2022-07-04,8.22800000,7.82300000,8.27500000,7.72100000,24.40000000,3405.43000000,22511100.00000000
2022-07-05,7.82300000,7.75400000,7.98400000,7.63000000,24.21000000,3404.03000000,12798300.00000000
2022-07-06,7.72500000,7.78700000,7.94400000,7.68100000,24.30000000,3355.35000000,9998200.00000000
2022-07-07,7.75800000,7.63700000,7.82000000,7.52100000,23.89000000,3364.40000000,8369600.00000000
2022-07-08,7.67800000,7.55000000,7.82000000,7.53200000,23.65000000,3356.08000000,9820900.00000000
2022-07-11,7.50300000,7.24000000,7.50300000,7.11600000,22.80000000,3313.58000000,13427900.00000000
2022-07-12,7.24000000,7.00300000,7.24000000,7.00300000,22.15000000,3281.47000000,8862300.00000000
2022-07-13,7.03600000,6.95600000,7.10500000,6.91200000,22.02000000,3284.29000000,7505900.00000000
2022-07-14,7.08400000,7.40400000,7.58300000,7.05100000,23.25000000,3281.74000000,16416200.00000000
2022-07-15,7.29900000,7.54600000,7.81600000,7.26900000,23.64000000,3228.06000000,15960200.00000000
2022-07-18,7.63000000,7.86300000,7.92500000,7.38600000,24.51000000,3278.10000000,14198500.00000000
2022-07-19,7.80100000,8.03100000,8.17000000,7.80100000,24.97000000,3279.43000000,17815700.00000000
2022-07-20,8.02000000,8.14400000,8.25300000,8.01300000,25.28000000,3304.72000000,15011700.00000000
2022-07-21,8.09700000,8.04900000,8.34100000,8.02400000,25.02000000,3272.00000000,14338000.00000000
2022-07-22,8.06700000,7.97300000,8.21300000,7.82000000,24.81000000,3269.97000000,11315300.00000000
2022-07-25,8.02400000,7.96500000,8.22400000,7.90300000,24.79000000,3250.39000000,9716400.00000000
2022-07-26,7.95500000,7.91100000,7.96900000,7.77200000,24.64000000,3277.44000000,6806800.00000000
2022-07-27,7.91800000,8.15100000,8.20600000,7.88900000,25.30000000,3275.76000000,11282400.00000000
2022-07-28,8.15900000,8.17300000,8.38800000,8.15900000,25.36000000,3282.58000000,11774900.00000000
2022-07-29,8.26800000,8.08900000,8.27500000,7.94400000,25.13000000,3253.24000000,11152200.00000000
2022-08-01,8.05700000,8.24600000,8.35200000,7.82300000,25.56000000,3259.96000000,13056600.00000000
2022-08-02,8.10800000,7.85200000,8.13300000,7.65600000,24.48000000,3186.27000000,14356500.00000000
2022-08-03,7.93600000,8.11100000,8.45400000,7.93600000,25.19000000,3163.67000000,20049000.00000000
2022-08-04,8.25300000,8.22800000,8.29300000,8.02400000,25.51000000,3189.04000000,11659100.00000000
2022-08-05,8.26100000,8.64700000,8.67600000,8.19100000,26.66000000,3227.03000000,26809000.00000000
2022-08-08,8.74200000,8.61800000,8.79300000,8.47900000,26.58000000,3236.93000000,15492000.00000000
2022-08-09,8.74900000,8.72300000,8.80000000,8.55600000,26.87000000,3247.43000000,20639800.00000000
2022-08-10,8.70900000,8.66200000,8.83600000,8.59200000,26.70000000,3230.02000000,13370300.00000000
2022-08-11,8.67200000,9.43800000,9.60500000,8.67200000,28.83000000,3281.67000000,35616400.00000000
2022-08-12,9.46700000,9.06200000,9.50000000,9.04800000,27.80000000,3276.89000000,20130200.00000000
2022-08-15,9.04100000,9.12100000,9.19400000,8.85500000,27.96000000,3276.09000000,13440600.00000000
2022-08-16,9.16400000,8.96800000,9.17200000,8.84400000,27.54000000,3277.88000000,12681500.00000000
2022-08-17,9.00400000,9.13200000,9.23700000,8.88000000,27.99000000,3292.53000000,13231200.00000000
2022-08-18,9.09900000,9.32500000,9.45600000,8.99300000,28.52000000,3277.54000000,13479900.00000000
2022-08-19,9.28100000,9.01100000,9.52900000,9.01100000,27.66000000,3258.08000000,11598900.00000000
2022-08-22,8.98200000,8.99700000,9.09500000,8.79300000,27.62000000,3277.79000000,9144300.00000000
2022-08-23,8.92800000,8.92400000,9.00800000,8.80700000,27.42000000,3276.22000000,8156500.00000000
2022-08-24,8.90200000,8.41000000,8.95300000,8.40300000,26.01000000,3215.20000000,13790200.00000000
2022-08-25,8.46800000,8.45400000,8.53400000,8.25300000,26.13000000,3246.25000000,9347300.00000000
2022-08-26,8.22400000,7.99800000,8.36600000,7.93300000,24.88000000,3236.22000000,21088800.00000000
2022-08-29,7.82000000,8.07800000,8.16200000,7.82000000,25.10000000,3240.73000000,8458900.00000000
2022-08-30,8.07500000,8.12200000,8.19900000,7.94700000,25.22000000,3227.22000000,6754600.00000000
2022-08-31,8.06400000,7.87400000,8.17000000,7.83800000,24.54000000,3202.14000000,8417200.00000000
2022-09-01,7.86000000,7.64100000,7.94000000,7.59400000,23.90000000,3184.98000000,10321400.00000000
2022-09-02,7.67400000,7.94700000,8.05300000,7.66300000,24.74000000,3186.48000000,9902300.00000000
2022-09-05,7.91800000,7.80900000,7.98700000,7.75400000,24.36000000,3199.91000000,6073600.00000000
2022-09-06,7.82300000,7.91800000,7.94400000,7.71800000,24.66000000,3243.45000000,7225300.00000000
2022-09-07,7.99500000,7.91100000,8.11100000,7.86300000,24.64000000,3246.29000000,8517100.00000000
2022-09-08,7.88900000,7.72500000,7.94400000,7.71800000,24.13000000,3235.59000000,7741100.00000000
2022-09-09,7.74300000,7.69200000,7.77600000,7.63400000,24.04000000,3262.05000000,6833800.00000000
2022-09-13,7.78000000,7.64100000,7.87400000,7.59000000,23.90000000,3263.80000000,6720500.00000000
2022-09-14,7.49500000,7.49200000,7.56500000,7.40400000,23.49000000,3237.54000000,6251100.00000000
2022-09-15,7.55400000,7.16700000,7.55400000,7.04000000,22.60000000,3199.92000000,9759600.00000000
2022-09-16,7.16700000,6.94900000,7.24800000,6.94900000,22.00000000,3126.40000000,6753300.00000000
2022-09-19,6.96700000,6.94500000,7.06500000,6.83200000,21.99000000,3115.60000000,6820300.00000000
2022-09-20,7.02200000,6.94100000,7.03600000,6.85000000,21.98000000,3122.41000000,6367300.00000000
2022-09-21,6.92000000,6.94100000,7.02200000,6.73700000,21.98000000,3117.18000000,6086900.00000000
2022-09-22,6.91200000,7.01800000,7.09100000,6.86900000,22.19000000,3108.91000000,6039700.00000000
2022-09-23,6.98500000,6.80300000,7.02200000,6.65700000,21.60000000,3088.37000000,7008900.00000000
2022-09-26,6.74800000,6.73000000,6.84700000,6.69400000,21.40000000,3051.23000000,4804500.00000000
2022-09-27,6.73000000,6.93400000,6.94500000,6.73000000,21.96000000,3093.86000000,6086500.00000000
2022-09-28,6.88300000,6.54800000,6.89800000,6.53300000,20.90000000,3045.07000000,7548000.00000000
2022-09-29,6.68300000,6.75600000,6.91200000,6.61700000,21.47000000,3041.20000000,8022000.00000000
2022-09-30,6.75600000,6.63500000,6.83600000,6.62100000,21.14000000,3024.39000000,5016900.00000000
2022-10-10,6.65000000,6.32900000,6.69000000,6.27800000,20.30000000,2974.15000000,7036400.00000000
2022-10-11,6.29300000,6.35100000,6.50000000,6.22700000,20.36000000,2979.79000000,5473500.00000000
2022-10-12,6.36900000,6.71900000,6.71900000,6.33300000,21.37000000,3025.51000000,9108000.00000000
2022-10-13,6.75200000,6.86100000,6.96000000,6.69400000,21.76000000,3016.36000000,9115200.00000000
2022-10-14,6.90500000,6.93400000,6.99600000,6.81400000,21.96000000,3071.99000000,8083000.00000000
2022-10-17,6.83900000,7.06900000,7.11600000,6.83900000,22.33000000,3084.94000000,7780400.00000000
2022-10-18,7.07600000,7.04000000,7.11300000,6.90500000,22.25000000,3080.96000000,7910400.00000000
2022-10-19,6.94900000,7.01100000,7.14500000,6.94900000,22.17000000,3044.38000000,7496300.00000000
2022-10-20,6.97100000,7.10900000,7.21100000,6.86500000,22.44000000,3035.05000000,9397400.00000000
2022-10-21,7.13800000,7.01400000,7.18900000,6.90900000,22.18000000,3038.93000000,6500700.00000000
2022-10-24,7.04700000,6.87600000,7.21100000,6.83900000,21.80000000,2977.56000000,7574100.00000000
2022-10-25,6.87900000,6.88300000,7.01400000,6.75900000,21.82000000,2976.28000000,6564500.00000000
2022-10-26,6.90900000,7.16700000,7.23700000,6.84700000,22.60000000,2999.50000000,9418600.00000000
2022-10-27,8.37000000,8.18000000,8.74200000,8.17300000,25.38000000,2982.90000000,56415200.00000000
2022-10-28,8.23100000,7.84500000,8.42100000,7.79800000,24.46000000,2915.93000000,28028200.00000000
2022-10-31,7.91400000,8.35900000,8.44300000,7.86000000,25.87000000,2893.48000000,25007600.00000000
2022-11-01,8.34400000,8.55600000,8.58900000,8.18800000,26.41000000,2969.20000000,18728800.00000000
2022-11-02,8.51600000,8.58900000,8.79600000,8.47900000,26.50000000,3003.37000000,16499600.00000000
2022-11-03,8.41400000,8.88700000,8.97900000,8.41000000,27.32000000,2997.81000000,18733700.00000000
2022-11-04,8.84400000,8.96800000,9.07700000,8.73400000,27.54000000,3070.80000000,15494200.00000000
2022-11-07,8.85100000,8.88000000,9.05100000,8.74900000,27.30000000,3077.82000000,12373600.00000000
2022-11-08,8.81500000,8.76400000,8.85800000,8.64700000,26.98000000,3064.49000000,7788400.00000000
2022-11-09,8.75300000,8.66900000,8.81800000,8.62500000,26.72000000,3048.17000000,6344300.00000000
2022-11-10,8.66200000,8.45000000,8.80700000,8.40600000,26.12000000,3036.13000000,11051600.00000000
2022-11-11,8.72300000,8.52700000,8.79300000,8.47600000,26.33000000,3087.29000000,8982700.00000000
2022-11-14,8.53400000,8.58100000,8.78900000,8.42500000,26.48000000,3083.40000000,8587800.00000000
2022-11-15,8.51600000,8.98900000,9.06600000,8.48700000,27.60000000,3134.08000000,13612900.00000000
2022-11-16,9.04100000,9.06200000,9.29600000,8.95300000,27.80000000,3119.98000000,13173800.00000000
2022-11-17,9.02600000,9.21900000,9.23700000,8.93800000,28.23000000,3115.43000000,9993200.00000000
2022-11-18,9.22600000,8.94200000,9.31400000,8.93100000,27.47000000,3097.24000000,10542100.00000000
2022-11-21,8.81500000,9.19400000,9.34300000,8.81100000,28.16000000,3085.04000000,13471800.00000000
2022-11-22,9.12400000,8.88000000,9.15700000,8.80000000,27.30000000,3088.94000000,8870200.00000000
2022-11-23,8.86200000,8.66200000,8.91700000,8.46500000,26.70000000,3096.91000000,11493200.00000000
2022-11-24,8.71600000,8.67600000,8.81500000,8.58900000,26.74000000,3089.31000000,6602700.00000000
2022-11-25,8.67200000,8.46800000,8.72700000,8.43600000,26.17000000,3101.69000000,5443600.00000000
2022-11-28,8.29700000,8.28200000,8.39200000,8.18800000,25.66000000,3078.55000000,7127800.00000000
2022-11-29,8.31200000,8.34400000,8.42500000,8.28200000,25.83000000,3149.75000000,8370800.00000000
2022-11-30,8.34400000,8.33400000,8.43900000,8.26100000,25.80000000,3151.34000000,5686800.00000000
2022-12-01,8.45000000,8.33000000,8.60700000,8.31500000,25.79000000,3165.47000000,8033400.00000000
2022-12-02,8.28200000,8.33000000,8.55600000,8.28200000,25.79000000,3156.14000000,6247300.00000000
2022-12-05,8.41000000,8.35200000,8.44300000,8.18000000,25.85000000,3211.81000000,7195900.00000000
2022-12-06,8.30100000,8.18000000,8.34100000,8.15100000,25.38000000,3212.53000000,6222600.00000000
2022-12-07,8.11500000,8.04900000,8.19100000,8.01600000,25.02000000,3199.62000000,8483900.00000000
2022-12-08,8.11900000,8.01600000,8.13700000,7.93300000,24.93000000,3197.35000000,6111400.00000000
2022-12-09,7.99800000,7.98700000,8.08200000,7.88500000,24.85000000,3206.95000000,9938000.00000000
2022-12-12,7.99100000,8.17300000,8.27200000,7.97600000,25.36000000,3179.04000000,8664300.00000000
2022-12-13,8.13700000,7.91100000,8.18800000,7.88500000,24.64000000,3176.33000000,7893300.00000000
2022-12-14,7.95800000,7.91800000,8.07800000,7.87800000,24.66000000,3176.53000000,5401800.00000000
2022-12-15,7.86700000,8.08600000,8.10800000,7.79100000,25.12000000,3168.65000000,6468000.00000000
2022-12-16,8.10000000,7.76100000,8.10000000,7.71400000,24.23000000,3167.86000000,9303000.00000000
2022-12-19,7.80100000,7.67800000,7.92200000,7.58600000,24.00000000,3107.12000000,5159300.00000000
2022-12-20,7.67800000,7.64100000,7.72100000,7.53200000,23.90000000,3073.77000000,4671500.00000000
2022-12-21,7.64500000,7.51400000,7.69900000,7.44100000,23.55000000,3068.41000000,3913200.00000000
2022-12-22,7.54300000,7.38600000,7.57900000,7.34200000,23.20000000,3054.43000000,3755900.00000000
2022-12-23,7.32400000,7.40400000,7.43300000,7.32400000,23.25000000,3045.87000000,2509000.00000000
2022-12-26,7.40800000,7.45900000,7.54300000,7.32800000,23.40000000,3065.56000000,6057800.00000000
2022-12-27,7.48400000,7.52400000,7.63700000,7.48100000,23.58000000,3095.57000000,5760500.00000000
2022-12-28,7.52800000,7.39300000,7.58600000,7.33100000,23.22000000,3087.40000000,5324400.00000000
2022-12-29,7.38200000,7.53900000,7.66300000,7.33900000,23.62000000,3073.70000000,8288800.00000000
2022-12-30,7.53900000,7.58600000,7.68500000,7.50600000,23.75000000,3089.26000000,5276600.00000000
2023-01-03,7.55700000,7.93300000,7.99800000,7.51400000,24.70000000,3116.51000000,9942500.00000000
2023-01-04,7.93300000,7.97300000,8.06000000,7.83800000,24.81000000,3123.52000000,8583300.00000000
2023-01-05,7.95100000,8.06700000,8.08900000,7.88900000,25.07000000,3155.22000000,6357600.00000000
2023-01-06,8.03500000,8.12200000,8.23100000,8.02000000,25.22000000,3157.64000000,7454100.00000000
2023-01-09,8.13700000,8.02700000,8.19900000,7.99800000,24.96000000,3176.08000000,6704000.00000000
2023-01-10,8.02700000,8.00200000,8.08600000,7.94400000,24.89000000,3169.51000000,5021900.00000000
2023-01-11,8.06000000,7.86700000,8.07800000,7.86000000,24.52000000,3161.84000000,5840900.00000000
2023-01-12,7.86300000,7.92500000,7.95100000,7.82700000,24.68000000,3163.45000000,4653300.00000000
2023-01-13,8.01600000,7.86700000,8.01600000,7.76500000,24.52000000,3195.31000000,5683900.00000000
2023-01-16,7.83100000,8.07800000,8.17300000,7.82300000,25.10000000,3227.59000000,8230700.00000000
2023-01-17,8.08600000,8.10400000,8.14800000,8.02400000,25.17000000,3224.24000000,4172800.00000000
2023-01-18,8.10400000,8.15100000,8.18400000,8.00900000,25.30000000,3224.41000000,5902800.00000000
2023-01-19,8.11500000,8.19500000,8.21000000,8.07100000,25.42000000,3240.28000000,7067000.00000000
2023-01-20,8.17300000,8.26100000,8.33400000,8.17300000,25.60000000,3264.81000000,7420700.00000000
2023-01-30,8.38100000,8.31900000,8.51600000,8.29000000,25.76000000,3269.32000000,9410500.00000000
2023-01-31,8.22800000,8.09300000,8.28600000,7.99800000,25.14000000,3255.67000000,18220900.00000000
2023-02-01,8.08900000,8.33000000,8.33000000,8.08900000,25.79000000,3284.92000000,14832400.00000000
2023-02-02,8.32600000,8.45700000,8.59200000,8.32600000,26.14000000,3285.67000000,16100000.00000000
2023-02-03,8.55900000,8.54900000,8.72700000,8.32600000,26.39000000,3263.41000000,17834400.00000000
2023-02-06,8.54900000,8.85800000,8.95300000,8.54500000,27.24000000,3238.70000000,27964900.00000000
2023-02-07,8.72700000,9.48100000,9.60900000,8.71600000,28.95000000,3248.09000000,48835400.00000000
2023-02-08,9.89700000,9.34700000,9.97000000,9.27000000,28.58000000,3232.11000000,34724400.00000000
2023-02-09,9.31700000,10.59300000,10.59300000,9.19700000,32.00000000,3270.38000000,51052100.00000000
2023-02-10,10.59300000,10.76100000,11.63200000,10.51300000,32.46000000,3260.67000000,68918500.00000000
2023-02-13,10.95700000,11.22000000,11.32200000,10.77500000,33.72000000,3284.16000000,48047300.00000000
2023-02-14,10.95700000,10.72400000,11.11800000,10.59700000,32.36000000,3293.28000000,38214700.00000000
2023-02-15,10.70200000,10.97600000,11.16200000,10.62200000,33.05000000,3280.49000000,36126000.00000000
2023-02-16,10.85900000,10.40300000,10.85900000,10.19200000,31.48000000,3249.03000000,37892200.00000000
2023-02-17,10.53500000,10.17000000,10.62600000,10.10100000,30.84000000,3224.02000000,25048000.00000000
2023-02-20,10.14500000,10.32700000,10.39600000,10.04300000,31.27000000,3290.34000000,18259100.00000000
2023-02-21,10.28300000,10.17000000,10.49800000,10.05000000,30.84000000,3306.52000000,19759600.00000000
2023-02-22,10.06800000,10.22100000,10.42500000,9.95200000,30.98000000,3291.15000000,18120200.00000000
2023-02-23,10.11200000,10.10500000,10.25000000,9.98400000,30.66000000,3287.48000000,12059700.00000000
2023-02-24,10.17400000,10.36700000,10.64800000,10.15600000,31.38000000,3267.16000000,28588400.00000000
2023-02-27,10.26500000,10.19200000,10.49500000,10.14100000,30.90000000,3258.03000000,17019300.00000000
2023-02-28,10.55700000,10.66200000,10.95400000,10.42900000,32.19000000,3279.61000000,36012500.00000000
2023-03-01,10.56400000,11.01600000,11.23800000,10.56400000,33.16000000,3312.35000000,35749200.00000000
2023-03-02,11.00100000,11.10700000,11.61000000,10.84800000,33.41000000,3310.65000000,37131900.00000000
2023-03-03,10.95700000,10.77500000,11.10000000,10.57800000,32.50000000,3328.39000000,32747200.00000000
2023-03-06,10.73900000,10.65100000,11.00100000,10.59300000,32.16000000,3322.03000000,20051500.00000000
2023-03-07,10.62900000,10.01700000,10.69500000,10.00600000,30.42000000,3285.10000000,31625600.00000000
2023-03-08,10.03200000,10.25800000,10.34500000,10.03200000,31.08000000,3283.25000000,20994900.00000000
2023-03-09,10.23900000,10.36300000,10.52000000,9.99200000,31.37000000,3276.09000000,18201800.00000000
2023-03-10,10.23900000,10.17000000,10.41100000,10.15200000,30.84000000,3230.08000000,12715100.00000000
2023-03-13,10.05700000,10.46200000,10.46900000,10.05700000,31.64000000,3268.70000000,17024900.00000000
2023-03-14,10.39600000,10.18100000,10.49100000,10.08300000,30.87000000,3245.31000000,19237900.00000000
2023-03-15,10.23200000,9.86400000,10.38900000,9.83900000,30.00000000,3263.31000000,19021100.00000000
2023-03-16,9.68200000,9.70400000,9.95200000,9.68200000,29.56000000,3226.89000000,15199100.00000000
2023-03-17,9.82800000,10.36000000,10.46900000,9.82000000,31.36000000,3250.55000000,28872000.00000000
2023-03-20,10.38500000,10.55700000,10.98300000,10.37400000,31.90000000,3234.91000000,35103700.00000000
2023-03-21,10.52400000,10.64000000,10.75700000,10.30500000,32.13000000,3255.65000000,22025700.00000000
2023-03-22,10.61500000,12.43300000,12.44100000,10.51600000,37.05000000,3265.75000000,72523900.00000000
2023-03-23,12.30600000,13.12900000,13.61400000,12.15300000,38.96000000,3286.65000000,85435400.00000000
2023-03-24,13.03500000,13.25300000,13.31200000,12.76100000,39.30000000,3265.65000000,45582300.00000000
2023-03-27,13.18800000,14.67500000,14.67800000,13.18800000,43.20000000,3251.40000000,65632900.00000000
2023-03-28,14.24100000,14.50300000,15.28700000,14.05100000,42.73000000,3245.38000000,66233700.00000000
2023-03-29,14.31000000,15.44400000,16.05900000,14.31000000,45.31000000,3240.06000000,68594300.00000000
2023-03-30,15.13000000,15.53500000,15.67700000,14.86000000,45.56000000,3261.25000000,51889600.00000000
2023-03-31,15.32300000,16.60600000,16.87900000,14.81300000,48.50000000,3272.86000000,59625100.00000000
2023-04-03,17.59000000,20.14100000,20.14100000,17.33500000,58.20000000,3296.40000000,89545300.00000000
2023-04-04,20.76100000,21.41700000,21.41700000,20.21400000,61.70000000,3312.56000000,78707200.00000000
2023-04-06,20.87000000,22.94400000,24.72900000,20.80100000,65.89000000,3312.63000000,86567700.00000000
2023-04-07,23.00200000,24.51400000,24.51400000,22.76100000,70.20000000,3327.65000000,58360500.00000000
2023-04-10,25.40700000,25.11600000,26.94900000,23.95300000,71.85000000,3315.36000000,73450500.00000000
2023-04-11,24.72200000,25.19900000,26.40900000,23.77800000,72.08000000,3313.57000000,74402400.00000000
2023-04-12,24.70000000,24.80200000,25.31200000,23.65800000,70.99000000,3327.18000000,60278900.00000000
2023-04-13,24.86400000,23.29700000,25.21400000,22.85600000,66.86000000,3318.36000000,67873000.00000000
2023-04-14,23.70900000,25.41800000,25.50900000,23.36600000,72.68000000,3338.15000000,74449200.00000000
2023-04-17,24.62400000,24.37900000,25.14800000,23.67200000,69.83000000,3385.61000000,44984400.00000000
2023-04-18,24.80600000,28.04900000,29.05500000,24.40100000,79.90000000,3393.33000000,82901700.00000000
2023-04-19,28.12900000,26.99600000,28.94200000,26.99600000,77.01000000,3370.13000000,65632800.00000000
2023-04-20,27.46300000,29.02200000,29.28800000,26.85000000,82.57000000,3367.03000000,65023900.00000000
2023-04-21,28.23200000,26.51900000,28.45000000,26.51900000,75.70000000,3301.26000000,55562100.00000000
2023-04-24,26.37700000,27.71800000,28.26800000,26.01900000,78.99000000,3275.41000000,55350300.00000000
2023-04-25,26.99600000,25.82600000,27.53900000,25.02500000,73.80000000,3264.87000000,55377400.00000000
2023-04-26,26.63200000,24.87900000,26.66400000,23.71300000,71.20000000,3264.10000000,61648300.00000000
2023-04-27,22.98400000,21.89000000,23.52300000,21.40200000,63.00000000,3285.88000000,78597300.00000000
2023-04-28,22.63400000,24.07300000,24.51100000,22.13800000,68.99000000,3323.27000000,54386300.00000000
2023-05-04,23.72000000,22.33100000,24.66000000,21.75200000,64.21000000,3350.46000000,50216000.00000000
2023-05-05,22.25500000,20.67000000,23.24200000,20.36300000,59.65000000,3334.50000000,55755200.00000000
2023-05-08,20.83400000,21.50400000,22.36800000,20.25000000,61.94000000,3395.00000000,42065300.00000000
2023-05-09,21.16900000,22.35700000,23.45700000,21.16500000,64.28000000,3357.67000000,39260000.00000000
2023-05-10,22.72100000,21.36600000,23.66900000,20.94300000,61.56000000,3319.15000000,35581100.00000000
2023-05-11,21.16500000,21.12100000,22.20700000,20.94700000,60.89000000,3309.55000000,25699600.00000000
2023-05-12,21.16200000,21.80700000,23.04900000,21.10700000,62.77000000,3272.36000000,39291400.00000000
2023-05-15,22.30200000,22.11300000,22.98400000,20.61500000,63.61000000,3310.74000000,46791700.00000000
2023-05-16,21.39500000,20.79300000,21.65000000,20.24700000,59.99000000,3290.99000000,43241200.00000000
2023-05-17,20.97900000,21.32900000,22.12000000,20.51600000,61.46000000,3284.23000000,36517400.00000000
2023-05-18,23.34800000,25.80800000,25.80800000,22.03600000,73.75000000,3297.32000000,65508700.00000000
2023-05-19,24.80900000,23.09300000,25.67300000,22.82000000,66.30000000,3283.54000000,68152400.00000000
2023-05-22,22.44100000,21.66800000,23.04200000,21.26400000,62.39000000,3296.47000000,39074000.00000000
2023-05-23,21.81800000,21.90100000,22.24800000,21.08100000,63.03000000,3246.24000000,40496000.00000000
2023-05-24,21.33300000,22.28400000,23.35500000,21.17200000,64.08000000,3204.75000000,44661100.00000000
2023-05-25,24.03300000,23.91300000,25.09700000,22.25500000,68.55000000,3201.26000000,59866500.00000000
2023-05-26,23.34800000,24.22300000,25.38900000,23.27500000,69.40000000,3212.50000000,45464200.00000000
2023-05-29,25.17000000,24.98400000,26.42400000,24.40900000,71.49000000,3221.45000000,47002500.00000000
2023-05-30,25.26900000,26.74100000,27.50300000,25.02500000,76.31000000,3224.21000000,51520700.00000000
2023-05-31,26.38000000,29.70000000,30.95400000,25.30900000,84.43000000,3204.56000000,61935000.00000000
2023-06-01,28.41400000,28.74200000,29.55100000,28.08200000,81.80000000,3204.63000000,39800000.00000000
2023-06-02,29.21500000,27.80500000,29.54300000,27.46300000,79.23000000,3230.07000000,30691100.00000000
2023-06-05,27.05100000,28.17700000,29.05500000,26.99200000,80.25000000,3232.44000000,30769000.00000000
2023-06-06,27.83100000,27.90400000,29.79900000,27.60500000,79.50000000,3195.34000000,31172900.00000000
2023-06-07,27.99500000,28.28600000,29.42700000,27.16700000,80.55000000,3197.76000000,30005600.00000000
2023-06-08,27.55400000,27.07900000,28.03300000,25.95200000,55.08000000,3213.59000000,42039900.00000000
2023-06-09,27.07900000,29.02300000,29.78300000,26.68100000,58.89000000,3231.41000000,59164400.00000000
2023-06-12,28.66100000,30.00800000,30.69100000,28.65600000,60.82000000,3228.83000000,53448300.00000000
2023-06-13,29.58900000,30.29300000,31.91600000,28.56900000,61.38000000,3233.67000000,54748100.00000000
2023-06-14,30.35500000,32.54900000,34.11000000,29.85000000,65.80000000,3228.99000000,70086100.00000000
2023-06-15,33.22700000,31.52800000,33.76800000,31.41600000,63.80000000,3252.98000000,63188800.00000000
2023-06-16,31.54900000,33.99700000,34.25800000,30.66600000,68.64000000,3273.33000000,77088300.00000000
2023-06-19,34.50800000,38.92600000,40.39500000,34.28800000,78.30000000,3255.81000000,84043100.00000000
2023-06-20,37.75300000,39.79300000,39.97700000,36.09400000,80.00000000,3240.36000000,68247000.00000000
2023-06-21,38.73200000,34.91600000,38.73200000,34.69600000,70.44000000,3197.90000000,72231300.00000000
2023-06-26,34.69600000,31.77300000,35.24700000,31.32400000,64.28000000,3150.62000000,75035400.00000000
2023-06-27,31.77300000,30.38500000,31.94600000,30.03800000,61.56000000,3189.44000000,50797900.00000000
2023-06-28,29.33400000,28.05900000,29.33400000,27.10500000,57.00000000,3189.38000000,63351500.00000000
2023-06-29,28.56900000,29.89500000,30.37000000,27.60500000,60.60000000,3182.38000000,79053000.00000000
2023-06-30,29.27800000,33.65600000,34.94600000,29.10500000,67.97000000,3202.06000000,95757900.00000000
2023-07-03,33.92600000,33.54900000,35.03800000,30.22700000,67.76000000,3243.98000000,83540600.00000000
2023-07-04,33.94600000,35.40100000,36.83400000,33.94600000,71.39000000,3245.35000000,90546400.00000000
2023-07-05,35.40100000,32.86000000,35.50800000,32.54900000,66.41000000,3222.95000000,76314400.00000000
2023-07-06,32.80400000,33.67100000,35.45700000,32.14500000,68.00000000,3205.57000000,65723800.00000000
2023-07-07,33.95200000,33.40600000,34.86000000,31.54300000,67.48000000,3196.61000000,61092800.00000000
2023-07-10,32.91100000,32.06400000,33.87500000,31.28300000,64.85000000,3203.70000000,47154700.00000000
2023-07-11,31.96200000,32.29300000,32.53300000,31.06900000,65.30000000,3221.37000000,43573400.00000000
2023-07-12,31.83400000,29.25300000,32.12500000,29.03800000,59.34000000,3196.13000000,67709100.00000000
2023-07-13,29.85500000,31.32400000,31.51300000,29.27300000,63.40000000,3236.48000000,60830400.00000000
2023-07-14,32.72700000,32.33900000,33.50800000,31.63000000,65.39000000,3237.70000000,59831000.00000000
2023-07-17,32.34400000,33.76300000,33.92600000,31.65600000,68.18000000,3209.63000000,54693800.00000000
2023-07-18,34.28800000,32.15600000,34.64000000,32.06400000,65.03000000,3197.82000000,42120900.00000000
2023-07-19,32.86500000,31.71700000,33.13500000,31.39500000,64.17000000,3198.84000000,25700700.00000000
2023-07-20,31.36000000,28.47700000,31.44100000,28.31900000,57.82000000,3169.52000000,59800300.00000000
2023-07-21,28.56900000,27.35500000,28.89500000,26.57900000,55.62000000,3167.75000000,53185800.00000000
2023-07-24,27.10500000,27.82900000,28.81900000,26.83900000,56.55000000,3164.16000000,34653600.00000000
2023-07-25,28.43100000,28.46700000,29.71700000,27.48700000,57.80000000,3231.52000000,42324300.00000000
2023-07-26,28.47200000,27.03800000,28.56900000,26.42600000,55.00000000,3223.03000000,39616200.00000000
2023-07-27,27.10000000,26.26800000,27.20200000,25.98700000,53.49000000,3216.67000000,33109700.00000000
2023-07-28,26.26800000,25.81400000,26.69100000,25.44100000,52.60000000,3275.93000000,33582700.00000000
2023-07-31,25.32900000,25.45700000,26.63000000,24.75800000,51.90000000,3291.04000000,39769200.00000000
2023-08-01,25.45700000,26.41100000,26.85500000,24.58900000,53.77000000,3290.95000000,57464400.00000000
2023-08-02,26.02300000,26.82900000,27.29300000,25.92100000,54.59000000,3261.69000000,41292900.00000000
2023-08-03,26.27300000,26.27800000,27.54900000,25.94100000,53.51000000,3280.46000000,30961000.00000000
2023-08-04,26.06900000,27.92100000,28.09400000,25.75300000,56.73000000,3288.08000000,51168300.00000000
2023-08-07,28.30400000,28.40100000,29.84400000,28.15100000,57.67000000,3268.83000000,48620400.00000000
2023-08-08,28.31400000,27.39000000,29.33400000,27.35000000,55.69000000,3260.62000000,33723200.00000000
2023-08-09,27.12000000,25.90100000,27.79300000,25.78300000,52.77000000,3244.49000000,41057000.00000000
2023-08-10,25.68600000,25.38500000,26.37500000,25.18600000,51.76000000,3254.56000000,30887300.00000000
2023-08-11,25.86000000,24.81900000,25.86000000,24.79900000,50.65000000,3189.25000000,19371200.00000000
2023-08-14,24.38000000,24.99700000,25.06900000,24.06900000,51.00000000,3178.43000000,32281600.00000000
2023-08-15,26.18600000,24.66100000,26.41100000,24.48700000,50.34000000,3176.18000000,40859100.00000000
2023-08-16,24.49700000,24.04300000,24.84400000,23.61000000,49.13000000,3150.13000000,31572500.00000000
2023-08-17,23.83900000,24.57900000,25.15600000,23.42100000,50.18000000,3163.74000000,39562800.00000000
2023-08-18,24.49200000,22.95700000,24.73700000,22.95700000,47.00000000,3131.95000000,40877800.00000000
2023-08-21,22.94100000,23.39500000,24.17100000,22.70200000,47.86000000,3092.98000000,28421300.00000000
2023-08-22,24.07900000,24.46700000,24.61500000,23.07400000,49.96000000,3120.33000000,45906600.00000000
2023-08-23,24.12500000,23.05900000,24.32400000,23.03300000,47.20000000,3078.40000000,28388800.00000000
2023-08-24,23.97700000,22.90600000,23.97700000,22.72700000,46.90000000,3082.24000000,37705000.00000000
2023-08-25,21.43100000,21.32400000,22.44600000,21.09400000,43.80000000,3064.07000000,56768900.00000000
2023-08-28,22.62000000,21.67100000,22.85500000,21.14000000,44.48000000,3098.64000000,42769100.00000000
2023-08-29,21.47700000,22.01300000,22.85500000,20.81900000,45.15000000,3135.89000000,60864400.00000000
2023-08-30,22.32400000,22.15100000,23.00300000,21.80900000,45.42000000,3137.14000000,45050700.00000000
2023-08-31,22.00300000,22.23200000,22.83900000,21.92600000,45.58000000,3119.88000000,36467100.00000000
2023-09-01,21.94600000,21.55400000,22.32400000,21.29300000,44.25000000,3133.25000000,25059500.00000000
2023-09-04,21.71700000,21.85500000,21.97200000,21.39000000,44.84000000,3177.06000000,21322600.00000000
2023-09-05,21.80900000,21.32400000,21.80900000,21.17600000,43.80000000,3154.37000000,26773200.00000000
2023-09-06,21.17100000,21.33900000,21.47700000,20.91600000,43.83000000,3158.08000000,22295800.00000000
2023-09-07,21.29900000,20.50300000,21.32400000,20.45700000,42.19000000,3122.35000000,26532600.00000000
2023-09-08,20.41100000,20.09400000,20.66100000,19.90600000,41.39000000,3116.72000000,20691700.00000000
2023-09-11,20.22700000,21.43600000,22.13000000,20.22700000,44.02000000,3142.78000000,55735600.00000000
2023-09-12,21.19100000,21.56900000,22.34400000,21.12000000,44.28000000,3137.06000000,47993200.00000000
2023-09-13,21.42600000,20.65600000,21.60500000,20.40600000,42.49000000,3123.07000000,31396500.00000000
2023-09-14,20.83900000,20.31400000,21.12000000,20.18600000,41.82000000,3126.55000000,24341200.00000000
2023-09-15,20.18600000,19.51300000,20.38500000,19.39500000,40.25000000,3117.74000000,30703000.00000000
2023-09-18,19.51300000,18.90100000,19.67600000,18.79300000,39.05000000,3125.93000000,26250700.00000000
2023-09-19,18.90100000,18.83400000,19.32400000,18.38500000,38.92000000,3124.96000000,28811200.00000000
2023-09-20,18.74700000,19.20200000,20.15100000,18.72200000,39.64000000,3108.57000000,41836900.00000000
2023-09-21,19.23700000,19.28300000,20.02800000,18.99200000,39.80000000,3084.70000000,31957300.00000000
2023-09-22,19.37500000,21.75300000,21.98700000,19.29900000,44.64000000,3132.43000000,78085400.00000000
2023-09-25,21.45200000,20.76300000,22.17600000,20.63500000,42.70000000,3115.61000000,59421500.00000000
2023-09-26,21.19600000,21.35500000,22.10000000,20.92100000,43.86000000,3102.27000000,63946500.00000000
2023-09-27,21.62500000,21.98700000,22.67600000,21.35500000,45.10000000,3107.32000000,57657400.00000000
2023-09-28,22.53800000,22.44600000,23.22700000,21.98700000,46.00000000,3110.48000000,57889200.00000000
2023-10-09,22.01300000,21.92100000,22.77300000,21.42100000,44.97000000,3096.92000000,44549600.00000000
2023-10-10,21.83900000,21.79900000,22.44600000,21.63000000,44.73000000,3075.24000000,31418200.00000000
2023-10-11,21.68100000,21.95200000,22.71200000,21.51800000,45.03000000,3078.96000000,39558700.00000000
2023-10-12,22.26800000,21.28800000,22.35500000,21.17600000,43.73000000,3107.90000000,33308900.00000000
2023-10-13,21.00800000,20.85000000,21.69600000,20.61000000,42.87000000,3088.10000000,32437300.00000000
2023-10-16,20.41600000,19.99700000,20.94100000,19.83400000,41.20000000,3073.81000000,31716100.00000000
2023-10-17,20.00800000,19.93100000,20.43100000,19.31400000,41.07000000,3083.50000000,27663400.00000000
2023-10-18,19.33400000,18.96700000,19.44100000,17.96700000,39.18000000,3058.71000000,39341800.00000000
2023-10-19,18.95200000,18.42600000,19.17100000,18.32400000,38.12000000,3005.39000000,25965800.00000000
2023-10-20,18.37000000,17.63000000,18.58900000,17.55400000,36.56000000,2983.06000000,26976000.00000000
2023-10-23,17.18100000,16.02300000,17.30900000,15.55900000,33.41000000,2939.29000000,59552900.00000000
2023-10-24,16.49200000,16.30400000,16.95700000,15.96700000,33.96000000,2962.24000000,44296600.00000000
2023-10-25,16.29900000,15.43600000,16.35000000,15.32900000,32.26000000,2974.11000000,42432700.00000000
2023-10-26,15.43600000,15.66100000,15.81900000,15.10500000,32.70000000,2988.30000000,42770000.00000000
2023-10-27,15.46200000,15.51300000,15.66100000,15.14000000,32.41000000,3017.78000000,35858000.00000000
2023-10-30,15.50800000,15.52800000,15.64500000,14.97700000,32.44000000,3021.55000000,39272200.00000000
2023-10-31,15.51800000,14.98700000,15.51800000,14.82900000,31.38000000,3018.77000000,32472300.00000000
2023-11-01,15.01300000,14.63000000,15.24200000,14.58900000,30.68000000,3023.08000000,28054500.00000000
2023-11-02,14.78800000,14.31400000,15.02800000,14.27300000,30.06000000,3009.41000000,33529700.00000000
2023-11-03,14.53300000,15.30400000,16.04300000,14.36000000,32.00000000,3030.80000000,75631500.00000000
2023-11-06,15.46700000,15.81900000,16.06900000,15.29300000,33.01000000,3058.41000000,56105600.00000000
2023-11-07,15.78300000,19.18600000,19.18600000,15.63500000,39.61000000,3057.27000000,133716000.00000000
2023-11-08,18.36500000,20.02300000,20.22200000,18.26300000,41.25000000,3052.37000000,138419800.00000000
2023-11-09,20.49700000,20.10500000,20.87000000,19.69100000,41.41000000,3053.28000000,105953200.00000000
2023-11-10,19.74700000,20.71200000,21.17100000,19.74700000,42.60000000,3038.97000000,93959300.00000000
2023-11-13,21.20200000,21.04300000,22.62500000,20.88500000,43.25000000,3046.53000000,110733000.00000000
2023-11-14,21.51300000,21.45700000,22.16600000,21.01800000,44.06000000,3056.07000000,79646000.00000000
2023-11-15,21.93600000,20.75800000,22.13000000,20.23200000,42.69000000,3072.83000000,74818700.00000000
2023-11-16,20.56400000,20.13500000,20.95700000,20.10000000,41.47000000,3050.93000000,52468300.00000000
2023-11-17,20.31900000,22.87000000,23.63000000,19.99700000,46.83000000,3054.37000000,113056700.00000000
2023-11-20,22.45700000,23.07900000,23.41600000,22.20700000,47.24000000,3068.32000000,89508300.00000000
2023-11-21,23.07900000,22.58900000,23.57900000,22.44600000,46.28000000,3067.93000000,68051800.00000000
2023-11-22,22.54900000,21.14500000,22.70700000,21.06900000,43.45000000,3043.61000000,62442400.00000000
2023-11-23,21.02800000,21.75800000,22.10000000,20.88000000,44.65000000,3061.86000000,52734500.00000000
2023-11-24,21.46200000,20.69600000,21.73200000,20.54300000,42.57000000,3040.97000000,45003400.00000000
2023-11-27,20.44600000,22.08900000,22.52300000,20.44600000,45.30000000,3031.70000000,70420800.00000000
2023-11-28,21.91600000,21.86000000,22.18100000,21.51300000,44.85000000,3038.55000000,38977300.00000000
2023-11-29,21.79900000,21.57400000,22.21200000,21.12000000,44.29000000,3021.69000000,38938100.00000000
2023-11-30,21.42600000,22.60000000,22.68600000,21.42600000,46.30000000,3029.67000000,71597600.00000000
2023-12-01,22.35000000,24.40100000,25.42100000,22.24200000,49.83000000,3031.64000000,105864700.00000000
2023-12-04,23.98700000,23.97700000,24.91100000,23.72700000,49.00000000,3022.91000000,73185500.00000000
2023-12-05,23.85000000,23.51800000,24.60000000,23.36500000,48.10000000,2972.30000000,63032300.00000000
2023-12-06,23.26300000,23.67100000,24.03800000,22.93600000,48.40000000,2968.93000000,53750700.00000000
2023-12-07,23.67100000,24.98700000,25.69100000,23.52300000,50.98000000,2966.21000000,80471200.00000000
2023-12-08,24.99700000,26.63000000,28.67100000,24.58900000,54.20000000,2969.56000000,114541300.00000000
2023-12-11,26.01800000,27.18100000,27.28800000,25.80400000,55.28000000,2991.44000000,70108500.00000000
2023-12-12,26.75800000,25.88000000,27.14000000,24.92600000,52.73000000,3003.44000000,83798000.00000000
2023-12-13,25.81400000,25.70200000,26.48200000,25.43600000,52.38000000,2968.76000000,41542100.00000000
2023-12-14,26.21700000,26.42600000,27.43600000,25.77300000,53.80000000,2958.99000000,66583200.00000000
2023-12-15,26.52800000,24.99700000,26.80900000,24.54300000,51.00000000,2942.56000000,58167800.00000000
2023-12-18,25.18100000,25.35500000,26.14500000,24.99700000,51.70000000,2930.80000000,51266400.00000000
2023-12-19,25.35500000,25.44600000,25.85500000,24.36000000,51.88000000,2932.39000000,42643500.00000000
2023-12-20,25.13500000,24.08900000,25.25300000,23.82400000,49.22000000,2902.11000000,46173100.00000000
2023-12-21,23.97700000,24.87500000,25.78300000,23.41600000,50.76000000,2918.71000000,52020100.00000000
2023-12-22,24.81900000,23.90100000,25.03800000,23.67100000,48.85000000,2914.78000000,44976500.00000000
2023-12-25,23.99200000,24.21700000,24.68100000,23.46700000,49.47000000,2918.81000000,30628700.00000000
2023-12-26,23.95200000,23.14000000,24.32400000,22.83900000,47.36000000,2898.88000000,37650400.00000000
2023-12-27,23.41600000,22.96700000,23.64000000,22.87000000,47.02000000,2914.61000000,27779400.00000000
2023-12-28,22.71700000,23.62000000,24.02800000,22.71700000,48.30000000,2954.70000000,38544600.00000000
2023-12-29,23.54900000,24.14000000,24.92600000,23.42100000,49.32000000,2974.93000000,41787200.00000000
2024-01-02,23.85500000,23.45200000,24.66600000,23.36500000,47.97000000,2962.28000000,30648400.00000000
2024-01-03,23.21200000,22.71200000,23.33400000,22.16600000,46.52000000,2967.25000000,39925600.00000000
2024-01-04,22.79900000,23.25300000,23.43100000,22.38500000,47.58000000,2954.35000000,36782400.00000000
2024-01-05,23.10500000,21.79300000,23.10500000,21.65100000,44.72000000,2929.18000000,38278500.00000000
2024-01-08,21.73700000,21.40600000,22.24700000,21.19600000,43.96000000,2887.54000000,28253000.00000000
2024-01-09,22.06400000,22.10500000,22.59400000,21.83400000,45.33000000,2893.25000000,39483200.00000000
2024-01-10,21.93600000,21.62500000,22.29300000,21.32900000,44.39000000,2877.70000000,27496800.00000000
2024-01-11,21.48200000,22.40100000,22.73200000,21.47700000,45.91000000,2886.65000000,35535100.00000000
2024-01-12,22.40600000,21.53300000,22.41600000,21.23200000,44.21000000,2881.98000000,30612900.00000000
2024-01-15,21.24200000,22.88000000,23.23700000,21.22700000,46.85000000,2886.29000000,56014400.00000000
2024-01-16,22.66600000,23.36000000,23.36500000,22.34400000,47.79000000,2893.99000000,34256000.00000000
2024-01-17,23.51800000,23.60500000,24.48200000,23.39500000,48.27000000,2833.62000000,49750800.00000000
2024-01-18,23.38500000,25.78300000,25.90100000,22.85500000,52.54000000,2845.78000000,69556300.00000000
2024-01-19,25.55400000,25.01800000,25.90100000,24.98200000,51.04000000,2832.28000000,46194600.00000000
2024-01-22,26.01800000,25.76800000,26.78300000,25.47200000,52.51000000,2756.34000000,68893100.00000000
2024-01-23,25.56400000,26.93100000,27.36000000,25.50800000,54.79000000,2770.98000000,60203600.00000000
2024-01-24,26.75800000,26.30400000,26.88500000,24.74200000,53.56000000,2820.77000000,61984700.00000000
2024-01-25,25.61000000,26.83400000,27.28800000,25.29900000,54.60000000,2906.11000000,61852800.00000000
2024-01-26,26.07400000,25.50800000,26.57400000,25.15100000,52.00000000,2910.22000000,41924300.00000000
2024-01-29,25.08900000,21.78300000,25.08900000,20.91600000,44.70000000,2883.36000000,59997000.00000000
2024-01-30,21.52300000,20.91100000,22.53800000,20.52800000,42.99000000,2830.53000000,44558200.00000000
2024-01-31,20.39500000,20.61000000,21.87000000,20.16100000,42.40000000,2788.55000000,44891200.00000000
2024-02-01,20.30400000,22.17600000,23.16100000,20.00800000,45.47000000,2770.74000000,59958800.00000000
2024-02-02,22.16600000,22.19100000,23.26300000,21.61500000,45.50000000,2730.15000000,48733800.00000000
2024-02-05,21.93600000,22.61000000,23.71700000,21.29300000,46.32000000,2702.19000000,56998300.00000000
2024-02-06,21.63000000,25.40600000,25.70200000,21.53300000,51.80000000,2789.49000000,59951200.00000000
2024-02-07,25.14500000,25.86500000,26.04300000,24.94600000,52.70000000,2829.70000000,46911800.00000000
2024-02-08,26.63000000,26.98700000,28.86000000,26.35500000,54.90000000,2865.90000000,57582500.00000000
2024-02-19,29.05400000,32.58900000,32.58900000,28.17100000,65.88000000,2910.54000000,78938000.00000000
2024-02-20,31.12000000,31.12000000,32.54900000,30.61000000,63.00000000,2922.73000000,63236100.00000000
2024-02-21,30.09400000,29.34400000,30.39000000,29.21700000,59.52000000,2950.96000000,54991800.00000000
2024-02-22,30.61000000,29.62000000,30.75800000,28.48700000,60.06000000,2988.36000000,56803000.00000000
2024-02-23,30.35500000,29.56900000,31.00800000,29.23200000,59.96000000,3004.88000000,56130900.00000000
2024-02-26,28.62500000,29.95700000,30.95700000,28.60500000,60.72000000,2977.02000000,46983900.00000000
2024-02-27,29.42100000,31.49200000,32.14000000,29.14000000,63.73000000,3015.48000000,63561700.00000000
2024-02-28,30.92100000,28.54300000,31.42100000,28.54300000,57.95000000,2957.85000000,57189100.00000000
2024-02-29,28.72700000,29.61500000,30.11000000,28.69600000,60.05000000,3015.17000000,41371500.00000000
2024-03-01,29.74200000,32.03800000,32.68100000,29.73200000,64.80000000,3027.02000000,72129800.00000000
2024-03-04,32.70200000,34.41100000,35.39500000,31.69100000,69.45000000,3039.31000000,64183700.00000000
2024-03-05,33.81900000,34.01800000,36.71200000,33.60000000,68.68000000,3047.79000000,69032100.00000000
2024-03-06,34.12000000,33.62000000,34.53300000,33.00800000,67.90000000,3039.93000000,39358000.00000000
2024-03-07,34.13000000,32.36000000,34.49700000,32.33400000,65.43000000,3027.40000000,42392800.00000000
2024-03-08,33.05900000,34.08400000,34.33900000,32.17600000,68.81000000,3046.02000000,49619600.00000000
2024-03-11,32.32900000,33.62000000,33.96700000,32.01800000,67.90000000,3068.46000000,46968800.00000000
2024-03-12,33.16100000,33.23700000,34.78800000,32.35000000,67.15000000,3055.94000000,45578600.00000000
2024-03-13,34.28300000,32.92100000,34.46200000,32.71200000,66.53000000,3043.83000000,42656400.00000000
2024-03-14,32.05900000,33.56900000,34.22200000,32.03800000,67.80000000,3038.23000000,42317500.00000000
2024-03-15,33.00800000,38.25300000,38.90100000,32.40100000,76.98000000,3054.64000000,86247500.00000000
2024-03-18,38.26300000,39.48700000,40.90600000,37.91600000,79.40000000,3084.93000000,74865600.00000000
2024-03-19,38.41600000,38.29300000,39.01800000,37.46200000,77.06000000,3062.76000000,47949400.00000000
2024-03-20,38.25300000,37.20700000,39.06900000,36.41100000,74.93000000,3079.69000000,45320200.00000000
2024-03-21,37.24200000,37.35500000,39.02300000,36.86500000,75.22000000,3077.11000000,42320300.00000000
2024-03-22,37.06400000,39.64000000,39.78800000,37.06400000,79.70000000,3048.03000000,61302700.00000000
2024-03-25,38.77300000,37.67600000,39.64000000,37.56900000,75.85000000,3026.31000000,44067200.00000000
2024-03-26,37.24200000,34.93100000,39.18100000,32.65100000,70.47000000,3031.48000000,77210600.00000000
2024-03-27,35.20200000,33.16600000,35.71200000,32.92600000,67.01000000,2993.14000000,51006600.00000000
2024-03-28,33.56900000,33.65600000,34.69100000,32.66600000,67.97000000,3010.66000000,51349600.00000000
2024-03-29,33.18100000,33.16100000,33.77300000,32.44600000,67.00000000,3041.17000000,31664300.00000000
2024-04-01,33.32400000,35.16600000,35.30400000,32.90600000,70.93000000,3077.38000000,40659400.00000000
2024-04-02,34.74200000,35.38000000,36.45200000,34.54300000,71.35000000,3074.96000000,41333700.00000000
2024-04-03,34.69600000,33.55400000,34.73700000,33.23700000,67.77000000,3069.30000000,27640700.00000000
2024-04-08,32.95700000,34.22700000,35.29300000,32.95700000,69.09000000,3047.05000000,34378700.00000000
2024-04-09,34.18100000,33.42100000,34.68100000,33.00300000,67.51000000,3048.54000000,23976400.00000000
2024-04-10,33.01800000,32.38000000,33.31400000,31.78300000,65.47000000,3027.33000000,24010100.00000000
2024-04-11,32.65600000,32.69600000,33.44100000,32.54900000,66.09000000,3034.25000000,24826000.00000000
2024-04-12,33.39500000,34.43600000,35.87000000,33.39000000,69.50000000,3019.47000000,45746900.00000000
2024-04-15,34.13000000,35.11500000,36.02300000,34.12500000,70.83000000,3057.38000000,34329700.00000000
2024-04-16,34.43600000,33.79900000,35.70700000,33.36500000,68.25000000,3007.07000000,32046800.00000000
2024-04-17,34.43600000,35.43100000,35.71700000,33.80900000,71.45000000,3071.38000000,30876000.00000000
2024-04-18,34.57400000,34.94600000,35.81900000,33.93100000,70.50000000,3074.22000000,27429100.00000000
2024-04-19,34.56900000,34.07900000,35.51800000,33.16100000,68.80000000,3065.26000000,29035200.00000000
2024-04-22,30.61000000,32.21700000,32.54900000,29.33400000,65.15000000,3044.60000000,43242500.00000000
2024-04-23,33.68100000,34.20200000,34.94100000,33.58400000,69.04000000,3021.98000000,44068300.00000000
2024-04-24,34.73200000,39.47700000,39.77300000,34.73200000,79.38000000,3044.82000000,68268400.00000000
2024-04-25,39.23200000,39.36500000,39.96200000,38.92600000,79.16000000,3052.90000000,31722700.00000000
2024-04-26,41.26300000,41.73200000,42.95700000,40.92100000,83.80000000,3088.64000000,54454000.00000000
2024-04-29,42.34400000,43.51800000,44.00300000,42.33900000,87.30000000,3113.04000000,39880500.00000000
2024-04-30,42.90600000,43.11000000,44.02800000,42.90600000,86.50000000,3104.82000000,24575200.00000000
2024-05-06,44.13000000,42.78800000,44.25300000,41.97700000,85.87000000,3140.72000000,25946200.00000000
2024-05-07,43.59400000,41.47700000,44.57900000,41.06400000,83.30000000,3147.74000000,45454100.00000000
2024-05-08,41.47700000,41.64500000,42.36000000,41.09400000,83.63000000,3128.48000000,25254000.00000000
2024-05-09,41.22200000,41.93100000,42.26300000,40.61000000,84.19000000,3154.32000000,24335900.00000000
2024-05-10,41.32400000,41.74700000,42.07400000,40.40600000,83.83000000,3154.55000000,24409300.00000000
2024-05-13,42.56400000,41.56900000,42.85500000,41.15600000,83.48000000,3148.02000000,27296100.00000000
2024-05-14,41.82400000,39.87000000,42.03300000,39.13000000,80.15000000,3145.77000000,37898300.00000000
2024-05-15,39.84400000,40.18600000,41.32400000,39.75800000,80.77000000,3119.90000000,20324600.00000000
2024-05-16,41.81900000,41.18600000,42.51300000,41.01300000,82.73000000,3122.40000000,34287100.00000000
2024-05-17,40.20200000,42.34400000,42.78300000,40.05400000,85.00000000,3154.03000000,28825800.00000000
2024-05-20,41.36500000,44.95700000,45.22700000,41.23200000,90.12000000,3171.15000000,38841000.00000000
2024-05-21,44.88500000,44.81400000,45.58400000,44.38500000,89.84000000,3157.97000000,22934800.00000000
2024-05-22,44.48700000,44.20700000,44.88500000,43.42100000,88.65000000,3158.54000000,21427200.00000000
2024-05-23,45.40600000,43.36500000,45.74200000,42.11000000,87.00000000,3116.39000000,33839700.00000000
2024-05-24,43.69100000,42.49700000,46.50800000,42.24200000,85.30000000,3088.87000000,45010600.00000000
2024-05-27,43.81900000,44.29900000,45.30400000,43.42100000,88.83000000,3124.04000000,32446200.00000000
2024-05-28,43.88000000,44.11000000,45.85500000,43.36500000,88.46000000,3109.57000000,32600000.00000000
2024-05-29,45.19600000,43.80400000,45.40600000,43.41600000,87.86000000,3111.02000000,23238700.00000000
2024-05-30,43.37000000,43.16100000,44.01800000,42.44600000,86.60000000,3091.68000000,19425300.00000000
2024-05-31,42.35000000,43.22700000,44.61500000,41.66100000,86.73000000,3086.81000000,21592800.00000000
2024-06-03,43.87500000,47.62500000,48.46200000,43.82400000,95.35000000,3078.49000000,44802900.00000000
2024-06-04,47.44600000,47.99700000,48.21700000,46.99200000,96.08000000,3091.20000000,24003100.00000000
2024-06-05,47.96700000,46.58900000,48.20700000,46.44600000,93.32000000,3065.40000000,17332800.00000000
2024-06-06,48.21200000,46.82400000,48.93600000,46.68100000,93.78000000,3048.79000000,30703400.00000000
2024-06-07,46.41100000,45.46700000,46.81400000,44.69100000,91.12000000,3051.28000000,23363800.00000000
2024-06-11,45.37500000,45.78300000,46.30900000,44.98200000,91.74000000,3028.05000000,16590900.00000000
2024-06-12,45.40600000,45.78800000,46.22200000,45.09400000,91.75000000,3037.47000000,15131500.00000000
2024-06-13,46.73200000,47.79300000,48.83900000,46.09400000,95.68000000,3028.92000000,27738200.00000000
2024-06-14,47.69600000,54.33400000,56.79900000,47.54900000,108.50000000,3032.63000000,56262900.00000000
2024-06-17,55.93600000,55.35000000,56.74200000,54.76800000,110.49000000,3015.89000000,37337800.00000000
2024-06-18,55.35500000,57.75300000,60.02800000,55.35500000,115.20000000,3030.25000000,38114700.00000000
2024-06-19,58.70200000,57.61500000,59.28300000,56.97700000,114.93000000,3018.05000000,23050300.00000000
2024-06-20,58.07400000,56.68100000,58.73700000,56.65100000,113.10000000,3005.44000000,21455300.00000000
2024-06-21,55.08900000,56.51300000,57.64500000,54.99700000,112.77000000,2998.14000000,22598800.00000000
2024-06-24,55.97700000,55.66100000,57.43600000,55.20200000,111.10000000,2963.10000000,18195700.00000000
2024-06-25,53.56900000,52.94600000,54.79900000,52.36000000,105.78000000,2950.00000000,28626500.00000000
2024-06-26,54.12000000,54.39000000,55.33400000,53.87500000,108.61000000,2972.53000000,27442800.00000000
2024-06-27,53.33400000,52.56900000,54.06900000,52.08900000,105.04000000,2945.85000000,18740800.00000000
2024-06-28,52.39000000,52.82900000,54.00800000,52.19600000,105.55000000,2967.40000000,19237600.00000000
2024-07-01,52.34400000,55.26800000,55.95700000,52.34400000,110.33000000,2994.73000000,29510200.00000000
2024-07-02,55.28300000,56.60500000,57.65100000,54.17100000,112.95000000,2997.01000000,31901200.00000000
2024-07-03,55.61500000,55.09400000,56.48700000,54.37000000,109.99000000,2982.38000000,18968900.00000000
2024-07-04,56.62500000,56.28800000,58.46200000,56.01800000,112.33000000,2957.57000000,27927400.00000000
2024-07-05,56.65800000,56.69900000,57.45400000,54.45900000,112.98000000,2949.93000000,21323900.00000000
2024-07-08,56.20400000,56.93900000,57.87200000,56.07700000,113.45000000,2922.45000000,19424400.00000000
2024-07-09,56.54100000,59.54600000,60.33200000,56.03100000,118.56000000,2959.37000000,28571500.00000000
2024-07-10,59.39800000,59.97500000,60.51000000,58.57700000,119.40000000,2939.36000000,20339700.00000000
2024-07-11,61.18400000,58.38800000,61.18400000,56.59700000,116.29000000,2970.39000000,30582100.00000000
2024-07-12,55.94400000,56.88800000,57.56100000,55.20400000,113.35000000,2971.30000000,20848000.00000000
2024-07-15,56.09700000,56.41300000,56.96400000,55.01500000,112.42000000,2974.01000000,15642700.00000000
2024-07-16,58.75000000,57.21400000,59.05600000,55.26000000,113.99000000,2976.30000000,28691100.00000000
2024-07-17,56.70900000,55.45900000,57.98500000,54.84700000,110.55000000,2962.85000000,20586700.00000000
2024-07-18,54.15800000,54.57700000,54.83700000,51.15800000,108.82000000,2977.13000000,34944100.00000000
2024-07-19,54.09700000,52.81100000,54.60200000,52.62800000,105.36000000,2982.31000000,19781700.00000000
2024-07-22,53.09700000,52.68400000,53.63800000,52.04600000,105.11000000,2964.22000000,14824500.00000000
2024-07-23,53.78600000,51.19400000,54.09700000,51.15800000,102.19000000,2915.37000000,16476900.00000000
2024-07-24,50.84200000,50.61700000,53.14300000,50.36200000,101.06000000,2901.95000000,19456600.00000000
2024-07-25,49.59200000,46.85700000,49.61700000,45.94900000,93.69000000,2886.74000000,35545700.00000000
2024-07-26,46.85700000,47.71400000,48.44400000,46.25500000,95.37000000,2890.90000000,20878200.00000000
2024-07-29,47.67900000,49.90300000,50.75500000,47.06600000,99.66000000,2891.85000000,27150300.00000000
2024-07-30,49.06100000,48.89800000,49.59700000,48.09700000,97.69000000,2879.30000000,15714500.00000000
2024-07-31,48.49500000,49.95900000,50.07700000,47.27000000,99.77000000,2938.75000000,30782100.00000000
2024-08-01,52.52600000,50.97500000,53.49500000,50.81600000,101.76000000,2932.39000000,27947500.00000000
2024-08-02,48.52000000,46.20400000,48.69900000,46.16800000,92.41000000,2905.34000000,42753600.00000000
2024-08-05,43.37200000,42.67900000,45.53100000,42.57100000,85.50000000,2860.70000000,42171200.00000000
2024-08-06,44.92400000,45.22500000,46.09700000,44.44900000,90.49000000,2867.28000000,28564400.00000000
2024-08-07,44.97500000,45.82700000,46.80600000,44.36700000,91.67000000,2869.83000000,26405900.00000000
2024-08-08,45.29100000,45.38300000,45.96900000,44.46400000,90.80000000,2869.90000000,18191000.00000000
2024-08-09,46.76500000,46.95400000,48.03100000,46.25000000,93.88000000,2862.19000000,27909300.00000000
2024-08-12,46.55600000,47.74500000,48.89800000,46.55600000,95.43000000,2858.20000000,19597100.00000000
2024-08-13,48.22500000,48.02600000,49.74000000,47.34700000,95.98000000,2867.95000000,20814500.00000000
2024-08-14,49.05600000,47.52600000,49.39800000,47.52600000,95.00000000,2850.65000000,16275400.00000000
2024-08-15,47.37200000,47.32100000,48.13800000,47.00500000,94.60000000,2877.36000000,12955300.00000000
2024-08-16,48.77000000,49.15800000,50.47500000,48.54600000,98.20000000,2879.43000000,25327000.00000000
2024-08-19,49.18900000,49.87200000,50.94400000,48.60200000,99.60000000,2893.67000000,18398400.00000000
2024-08-20,50.91300000,50.02000000,51.36700000,49.74500000,99.89000000,2866.66000000,17226500.00000000
2024-08-21,49.05600000,50.28600000,51.05600000,48.83200000,100.41000000,2856.58000000,15135500.00000000
2024-08-22,50.51500000,50.30600000,50.92400000,49.38800000,100.45000000,2848.77000000,12028200.00000000
2024-08-23,49.85200000,49.56100000,50.18400000,49.10700000,98.99000000,2854.37000000,12225400.00000000
2024-08-26,50.33200000,48.72500000,50.53600000,47.82700000,97.35000000,2855.52000000,17459200.00000000
2024-08-27,48.19400000,48.83700000,49.87800000,47.52600000,97.57000000,2848.73000000,14817200.00000000
2024-08-28,48.55100000,48.96900000,50.58700000,47.91800000,97.83000000,2837.43000000,16080500.00000000
2024-08-29,45.93400000,45.78600000,46.49000000,43.70900000,91.59000000,2823.11000000,30288400.00000000
2024-08-30,45.89800000,46.90800000,47.98500000,45.54100000,93.79000000,2842.21000000,30804800.00000000
2024-09-02,46.99500000,44.20400000,47.34700000,44.08200000,88.49000000,2811.04000000,26303400.00000000
2024-09-03,44.20900000,44.16300000,44.81100000,43.53600000,88.41000000,2802.98000000,15217500.00000000
2024-09-04,41.60700000,44.05600000,44.90800000,41.03600000,88.20000000,2784.28000000,26058200.00000000
2024-09-05,43.87800000,45.11200000,46.35200000,43.50500000,90.27000000,2788.31000000,22213400.00000000
2024-09-06,44.92400000,44.26500000,45.40800000,43.92900000,88.61000000,2765.81000000,13072900.00000000
2024-09-09,43.47500000,45.53100000,45.62200000,43.45400000,91.09000000,2736.49000000,17718400.00000000
2024-09-10,45.23500000,46.30600000,47.52600000,45.01000000,92.61000000,2744.19000000,26755600.00000000
2024-09-11,46.70900000,46.82100000,48.02000000,46.45400000,93.62000000,2721.80000000,20512700.00000000
2024-09-12,48.56100000,47.63800000,49.21900000,47.63300000,95.22000000,2717.12000000,22576800.00000000
2024-09-13,47.73500000,50.24500000,52.57700000,47.67900000,100.33000000,2704.09000000,38327100.00000000
2024-09-18,49.77000000,49.85700000,51.04100000,49.56600000,99.57000000,2717.28000000,17544200.00000000
2024-09-19,49.77000000,48.98500000,49.85200000,47.57100000,97.86000000,2736.02000000,23358000.00000000
2024-09-20,49.40800000,47.91300000,49.49500000,47.67900000,95.76000000,2736.81000000,16825200.00000000
2024-09-23,47.50500000,47.65300000,49.04600000,47.32100000,95.25000000,2748.92000000,13134100.00000000
2024-09-24,47.69400000,52.78100000,53.13800000,47.69400000,105.30000000,2863.13000000,32068700.00000000
2024-09-25,54.11200000,52.44900000,54.41300000,52.09200000,104.65000000,2896.31000000,24847100.00000000
2024-09-26,52.69900000,55.16300000,55.23000000,52.46400000,109.97000000,3000.95000000,22986200.00000000
2024-09-27,53.93400000,56.38300000,58.53600000,52.74500000,112.36000000,3087.53000000,43903800.00000000
2024-09-30,56.70900000,65.36700000,65.38300000,56.19900000,129.97000000,3336.50000000,54989700.00000000
2024-10-08,70.48500000,78.62800000,78.62800000,69.87200000,155.96000000,3489.78000000,61422300.00000000
2024-10-09,75.07700000,74.82100000,80.79100000,71.50500000,148.50000000,3258.86000000,61065900.00000000
2024-10-10,74.32700000,72.17400000,76.54600000,68.21400000,143.31000000,3301.93000000,41939800.00000000
2024-10-11,70.49000000,72.51500000,77.11700000,70.38800000,143.98000000,3217.74000000,33577400.00000000
2024-10-14,71.50500000,74.83700000,75.20400000,68.23500000,148.53000000,3284.32000000,42355900.00000000
2024-10-15,73.85700000,71.44900000,75.53600000,71.44900000,141.89000000,3201.29000000,34769500.00000000
2024-10-16,68.44400000,67.14300000,70.12800000,66.30100000,133.45000000,3202.95000000,36576700.00000000
2024-10-17,67.93400000,67.60700000,68.79100000,67.00000000,134.36000000,3169.38000000,25420100.00000000
2024-10-18,67.42400000,74.03100000,77.61200000,67.17400000,146.95000000,3261.56000000,53841900.00000000
2024-10-21,74.50500000,71.22500000,74.83200000,68.85200000,141.45000000,3268.11000000,51219400.00000000
2024-10-22,72.52600000,71.37800000,73.09700000,69.56100000,141.75000000,3285.87000000,36862700.00000000
2024-10-23,67.52600000,68.09700000,70.65300000,65.81600000,135.32000000,3302.80000000,37069500.00000000
2024-10-24,67.44900000,70.24000000,71.95400000,67.25000000,139.52000000,3280.26000000,37532400.00000000
2024-10-25,73.95400000,71.83700000,74.55600000,70.49000000,142.65000000,3299.70000000,43866600.00000000
2024-10-28,70.48500000,68.47500000,72.12200000,67.83200000,136.06000000,3322.20000000,41480200.00000000
2024-10-29,67.42400000,65.63800000,67.92400000,64.80100000,130.50000000,3286.41000000,40075800.00000000
2024-10-30,66.40300000,65.38300000,67.41800000,64.34700000,130.00000000,3266.24000000,30589500.00000000
2024-10-31,63.85200000,65.46900000,67.60200000,63.38300000,130.17000000,3279.82000000,32954700.00000000
2024-11-01,64.31100000,65.05600000,67.36700000,63.85200000,129.36000000,3272.01000000,29794400.00000000
2024-11-04,64.87200000,66.28600000,68.18400000,64.87200000,131.77000000,3310.21000000,24565300.00000000
2024-11-05,65.74000000,67.14800000,68.23000000,64.97500000,133.46000000,3386.99000000,36752400.00000000
2024-11-06,67.42400000,64.10200000,67.50500000,63.38800000,127.49000000,3383.81000000,42473000.00000000
2024-11-07,62.80600000,66.35200000,67.42400000,62.18900000,131.90000000,3470.66000000,36197500.00000000
2024-11-08,67.47500000,65.34200000,71.26000000,65.26000000,129.92000000,3452.30000000,49845400.00000000
2024-11-11,64.47500000,66.84700000,68.03600000,63.59200000,132.87000000,3470.07000000,39368900.00000000
2024-11-12,66.91300000,66.76000000,68.89300000,65.64300000,132.70000000,3421.97000000,37580500.00000000
2024-11-13,67.04100000,71.49500000,73.31600000,66.04600000,141.98000000,3439.28000000,62294300.00000000
2024-11-14,70.31600000,68.49500000,71.04100000,68.17900000,136.10000000,3379.84000000,35427300.00000000
2024-11-15,68.19400000,64.21900000,70.36700000,63.94400000,127.72000000,3330.73000000,37069100.00000000
2024-11-18,63.19900000,60.79100000,64.28100000,59.87200000,121.00000000,3323.85000000,33792500.00000000
2024-11-19,61.52600000,62.83200000,64.66300000,60.84700000,125.00000000,3346.01000000,29520800.00000000
2024-11-20,62.83200000,63.58200000,65.15300000,62.44900000,126.47000000,3367.99000000,26454900.00000000
2024-11-21,62.27000000,62.14300000,64.19900000,61.20400000,123.65000000,3370.40000000,29990500.00000000
2024-11-22,61.70400000,59.26000000,63.08700000,59.26000000,118.00000000,3267.19000000,29321500.00000000
2024-11-25,59.26000000,56.90300000,59.59700000,55.85700000,113.38000000,3263.76000000,30294300.00000000
2024-11-26,56.70900000,57.96400000,59.08200000,56.19900000,115.46000000,3259.76000000,24916300.00000000
2024-11-27,57.62800000,58.37200000,58.43900000,56.54600000,116.26000000,3309.78000000,24978700.00000000
2024-11-28,58.23500000,56.13800000,58.23500000,55.93400000,111.88000000,3295.70000000,28496600.00000000
2024-11-29,56.19900000,57.70400000,59.00500000,56.19900000,114.95000000,3326.46000000,29771400.00000000
2024-12-02,58.60700000,60.64300000,61.28100000,57.75000000,120.71000000,3363.98000000,35023900.00000000
2024-12-03,60.32100000,59.53100000,60.89800000,58.54600000,118.53000000,3378.81000000,21310300.00000000
2024-12-04,58.97500000,58.91800000,59.91800000,58.39300000,117.33000000,3364.65000000,16616800.00000000
2024-12-05,59.77000000,60.83200000,62.25500000,59.74000000,121.08000000,3368.86000000,32474500.00000000
2024-12-06,60.53600000,60.74000000,62.29600000,60.53600000,120.90000000,3404.08000000,20557900.00000000
2024-12-09,60.74000000,58.24000000,60.74000000,57.73500000,116.00000000,3402.53000000,25647100.00000000
2024-12-10,60.06100000,58.67400000,60.47500000,57.56600000,116.85000000,3422.66000000,30262500.00000000
2024-12-11,58.23500000,62.27600000,63.57100000,57.21900000,123.91000000,3432.49000000,44009800.00000000
2024-12-12,62.32100000,65.36700000,66.40300000,62.32100000,129.97000000,3461.50000000,41114300.00000000
2024-12-13,66.36700000,64.99500000,67.60200000,64.10700000,129.24000000,3391.88000000,61489200.00000000
2024-12-16,66.96400000,66.49500000,67.83200000,62.70900000,132.18000000,3386.33000000,46523900.00000000
2024-12-17,65.43400000,67.27000000,71.07700000,65.43400000,133.70000000,3361.49000000,39211900.00000000
2024-12-18,66.91300000,64.63300000,67.32100000,63.33700000,128.53000000,3382.21000000,27671200.00000000
2024-12-19,63.82100000,64.23500000,65.52000000,63.13300000,127.75000000,3370.03000000,23008500.00000000
2024-12-20,63.90800000,64.69400000,66.81100000,63.66800000,128.65000000,3368.07000000,24937400.00000000
2024-12-23,61.88800000,62.65300000,64.51500000,61.88800000,124.65000000,3351.26000000,40187800.00000000
2024-12-24,63.08700000,61.30100000,63.21900000,59.32100000,122.00000000,3393.53000000,31445600.00000000
2024-12-25,61.26000000,61.30100000,63.73000000,60.83200000,122.00000000,3393.35000000,22108400.00000000
2024-12-26,61.30100000,64.83700000,65.79100000,60.28600000,128.93000000,3398.08000000,34632200.00000000
2024-12-27,65.33200000,65.08700000,66.65300000,63.65300000,129.42000000,3400.14000000,24748000.00000000
2024-12-30,64.87200000,60.50500000,65.16800000,60.38300000,120.44000000,3407.33000000,34086600.00000000
2024-12-31,60.28100000,58.02600000,60.41300000,58.02600000,115.58000000,3351.76000000,24357800.00000000
2025-01-02,57.73500000,56.94900000,59.48000000,56.45400000,113.47000000,3262.56000000,20789900.00000000
2025-01-03,57.11700000,58.24000000,60.24000000,56.65800000,116.00000000,3211.43000000,28492400.00000000
2025-01-06,59.13300000,58.76000000,60.78100000,57.73000000,117.02000000,3206.92000000,23153500.00000000
2025-01-07,59.26000000,60.28100000,60.41800000,57.46900000,120.00000000,3229.64000000,22602800.00000000
2025-01-08,58.76000000,58.76000000,59.21900000,57.19900000,117.02000000,3230.17000000,18774500.00000000
2025-01-09,58.23000000,57.59700000,58.74000000,56.70900000,114.74000000,3211.39000000,20423300.00000000
2025-01-10,57.07100000,54.29100000,57.09700000,54.29100000,108.26000000,3168.52000000,28280900.00000000
2025-01-13,54.25500000,55.32700000,56.52600000,54.25500000,110.29000000,3160.76000000,23443600.00000000
2025-01-14,55.06600000,57.06100000,57.13300000,53.24000000,113.69000000,3240.94000000,28693000.00000000
2025-01-15,56.47500000,56.04600000,56.98000000,55.05600000,111.70000000,3227.12000000,20087300.00000000
2025-01-16,56.70900000,59.60700000,60.30100000,56.09700000,118.68000000,3236.03000000,42930000.00000000
2025-01-17,58.99500000,59.99000000,60.81100000,58.75500000,119.43000000,3241.82000000,27000500.00000000
2025-01-20,60.76000000,64.18400000,65.02000000,60.76000000,127.65000000,3244.38000000,32981100.00000000
2025-01-21,68.44400000,67.01500000,68.44400000,65.89300000,133.20000000,3242.62000000,36418500.00000000
2025-01-22,69.55600000,71.25000000,72.56600000,68.95900000,141.50000000,3213.62000000,45064300.00000000
2025-01-23,71.25000000,68.80100000,72.36200000,68.24000000,136.70000000,3230.16000000,32827100.00000000
2025-01-24,68.80600000,67.67400000,69.17400000,67.44900000,134.49000000,3252.63000000,23664200.00000000
2025-01-27,64.24500000,63.22500000,65.07100000,62.83700000,125.77000000,3250.60000000,23485900.00000000
2025-02-05,59.26000000,51.35700000,59.26000000,51.18900000,102.51000000,3229.49000000,53391500.00000000
2025-02-06,53.13800000,53.46900000,54.38300000,52.56100000,106.65000000,3270.66000000,45227200.00000000
2025-02-07,54.15800000,56.90800000,58.00000000,54.15800000,113.39000000,3303.67000000,41008000.00000000
2025-02-10,57.79100000,57.50500000,58.26000000,56.09700000,114.56000000,3322.17000000,24688800.00000000
2025-02-11,57.76500000,58.01000000,59.03100000,57.10200000,115.55000000,3318.06000000,20875400.00000000
2025-02-12,57.27600000,57.47500000,57.98500000,56.60700000,114.50000000,3346.39000000,22440400.00000000
2025-02-13,56.89300000,55.43900000,57.12200000,55.40300000,110.51000000,3332.48000000,21399500.00000000
2025-02-14,55.94900000,54.67400000,57.29100000,54.16300000,109.01000000,3346.72000000,21620000.00000000
2025-02-17,55.68400000,61.96400000,62.43400000,55.63800000,123.30000000,3355.83000000,46922000.00000000
2025-02-18,60.70900000,62.21900000,65.07100000,60.59200000,123.80000000,3324.49000000,38382800.00000000
2025-02-19,61.78600000,60.98500000,62.19400000,59.95400000,121.38000000,3351.54000000,27485200.00000000
2025-02-20,60.38800000,59.87200000,60.94400000,58.75000000,119.20000000,3350.78000000,24414700.00000000
2025-02-21,59.87800000,60.81100000,62.57100000,59.16800000,121.04000000,3379.11000000,37542100.00000000
2025-02-24,59.76500000,56.96400000,60.12200000,56.87800000,113.50000000,3373.03000000,42723500.00000000
2025-02-25,55.28100000,55.53600000,56.52000000,54.97500000,110.70000000,3346.04000000,26091100.00000000
2025-02-26,55.56100000,56.70900000,56.83200000,54.51000000,113.00000000,3380.21000000,28102800.00000000
2025-02-27,56.70900000,53.32700000,57.37800000,52.62800000,106.37000000,3388.06000000,44482300.00000000
2025-02-28,50.61700000,48.05600000,50.67400000,47.40300000,96.04000000,3320.90000000,62377300.00000000
2025-03-03,48.08200000,45.89300000,48.29100000,45.11700000,91.80000000,3316.93000000,50552300.00000000
2025-03-04,43.69900000,46.58200000,46.76500000,43.64800000,93.15000000,3324.21000000,40045700.00000000
2025-03-05,46.60700000,47.16300000,47.80600000,46.60700000,94.29000000,3341.96000000,30677000.00000000
2025-03-06,47.52000000,47.69900000,48.33200000,46.35200000,95.34000000,3381.10000000,39838300.00000000
2025-03-07,46.85200000,46.43900000,47.32100000,45.97500000,92.87000000,3372.55000000,33393800.00000000
2025-03-10,46.54100000,47.21900000,47.42900000,45.99500000,94.40000000,3366.16000000,26229600.00000000
2025-03-11,46.00000000,47.16800000,47.16800000,45.88800000,94.30000000,3379.83000000,20628200.00000000
2025-03-12,47.63800000,46.94400000,47.79600000,46.70400000,93.86000000,3371.92000000,25990200.00000000
2025-03-13,47.65800000,46.26500000,48.29100000,46.08700000,92.53000000,3358.73000000,29462800.00000000
2025-03-14,46.45400000,46.92900000,47.61700000,45.03100000,93.83000000,3419.56000000,42132900.00000000
2025-03-17,47.02600000,47.86200000,48.38300000,47.02600000,95.66000000,3426.13000000,34337700.00000000
2025-03-18,47.86200000,51.96400000,52.42400000,47.07100000,103.70000000,3429.76000000,69016900.00000000
2025-03-19,50.27000000,49.12200000,51.03600000,48.84200000,98.13000000,3426.43000000,45180700.00000000
2025-03-20,49.48000000,49.28100000,49.95900000,48.90300000,98.44000000,3408.95000000,22774600.00000000
2025-03-21,48.99000000,47.56100000,49.73000000,47.51500000,95.07000000,3364.83000000,22932300.00000000
2025-03-24,47.26000000,49.77000000,50.06100000,47.26000000,99.40000000,3370.03000000,39772700.00000000
2025-03-25,50.84200000,49.51000000,51.91300000,49.49000000,98.89000000,3369.98000000,36945800.00000000
2025-03-26,49.57100000,48.94900000,50.98000000,48.91800000,97.79000000,3368.70000000,23336700.00000000
2025-03-27,47.52600000,47.62200000,48.50500000,46.76000000,95.19000000,3373.75000000,25618500.00000000
2025-03-28,47.52600000,47.61200000,49.05600000,46.90300000,95.17000000,3351.31000000,19607500.00000000
2025-03-31,47.01500000,49.11700000,49.11700000,46.98500000,98.12000000,3335.75000000,24393100.00000000
2025-04-01,49.31600000,48.63800000,49.55600000,48.19400000,97.18000000,3348.44000000,17813200.00000000
2025-04-02,48.85200000,49.83700000,50.91800000,48.65300000,99.53000000,3350.13000000,29975500.00000000
2025-04-03,47.52600000,46.39300000,48.03100000,44.80600000,92.78000000,3342.01000000,46570500.00000000
2025-04-07,39.74500000,36.92400000,39.81100000,36.92400000,74.22000000,3096.58000000,39917400.00000000
2025-04-08,37.69900000,34.95900000,37.93400000,33.96900000,70.37000000,3145.55000000,61995600.00000000
2025-04-09,33.68900000,34.98000000,35.45900000,32.54600000,70.41000000,3186.81000000,46094900.00000000
2025-04-10,39.36200000,38.22500000,40.57700000,38.04600000,76.77000000,3223.64000000,59635900.00000000
2025-04-11,37.52600000,38.71900000,40.04600000,37.11700000,77.74000000,3238.23000000,39685000.00000000
2025-04-14,39.87200000,39.32100000,41.06100000,39.04100000,78.92000000,3262.81000000,40597300.00000000
2025-04-15,38.99500000,39.13800000,39.47500000,38.18900000,78.56000000,3267.66000000,23998100.00000000
2025-04-16,37.80100000,37.36200000,37.83200000,36.57700000,75.08000000,3276.00000000,29213200.00000000
2025-04-17,37.56600000,37.48500000,38.17900000,36.91800000,75.32000000,3280.34000000,21141300.00000000
2025-04-18,37.63800000,38.78100000,38.82100000,37.41300000,77.86000000,3276.73000000,29424100.00000000
2025-04-21,39.67400000,40.59700000,40.62800000,39.10700000,81.42000000,3291.43000000,36380100.00000000
2025-04-22,40.38300000,40.48500000,40.83200000,39.66800000,81.20000000,3299.76000000,31109100.00000000
2025-04-23,43.35700000,45.65300000,46.76000000,42.34700000,91.33000000,3296.36000000,81842700.00000000
2025-04-24,45.44900000,45.15300000,46.31600000,44.97500000,90.35000000,3297.29000000,41444600.00000000
2025-04-25,46.50500000,47.60700000,49.18900000,46.27000000,95.16000000,3295.06000000,58314200.00000000
2025-04-28,47.97500000,45.59200000,48.02000000,45.48500000,91.21000000,3288.41000000,41062400.00000000
2025-04-29,45.63800000,45.15300000,45.94900000,44.64300000,90.35000000,3286.65000000,29624900.00000000
2025-04-30,45.13800000,44.86700000,45.28100000,44.28600000,89.79000000,3279.03000000,25408100.00000000
2025-05-06,46.45400000,46.82700000,47.31100000,46.40300000,93.63000000,3316.11000000,38707300.00000000
2025-05-07,48.02600000,47.11700000,48.38300000,46.61700000,94.20000000,3342.67000000,32991200.00000000
2025-05-08,48.29100000,54.13300000,54.97500000,48.29100000,107.95000000,3352.00000000,96572300.00000000
2025-05-09,53.27000000,54.77600000,55.64800000,53.24000000,109.21000000,3342.00000000,56095900.00000000
2025-05-12,57.21900000,56.62800000,57.77000000,54.92400000,112.84000000,3369.24000000,58772000.00000000
2025-05-13,57.73000000,58.17900000,59.70900000,56.70900000,115.88000000,3374.87000000,60381600.00000000
2025-05-14,59.76500000,59.69400000,63.11200000,59.26500000,118.85000000,3403.95000000,66509200.00000000
2025-05-15,60.27600000,58.18400000,60.28100000,57.83200000,115.89000000,3380.82000000,47081100.00000000
2025-05-16,58.14800000,59.56600000,61.07700000,57.63800000,118.60000000,3367.46000000,37802800.00000000
2025-05-19,59.51500000,58.23000000,60.02600000,57.98500000,115.98000000,3367.58000000,27751400.00000000
2025-05-20,58.62800000,58.51000000,59.30100000,57.93400000,116.53000000,3380.48000000,20833900.00000000
2025-05-21,59.01500000,58.62800000,59.41300000,57.37800000,116.76000000,3387.57000000,21959900.00000000
2025-05-22,57.98500000,59.11700000,60.78600000,57.67900000,117.72000000,3380.19000000,32063200.00000000
2025-05-23,58.80100000,58.20400000,59.52000000,57.96900000,115.93000000,3348.37000000,19282400.00000000
2025-05-26,58.75000000,58.11700000,59.05600000,56.91300000,115.76000000,3346.84000000,21183200.00000000
2025-05-27,57.28100000,56.26500000,57.75500000,54.60700000,112.13000000,3340.69000000,36662400.00000000
2025-05-28,57.16400000,59.72900000,60.57200000,57.16400000,84.62000000,3339.93000000,58052500.00000000
2025-05-29,60.71400000,61.54300000,63.48600000,60.00000000,87.16000000,3363.45000000,62556600.00000000
2025-05-30,60.00000000,62.33600000,62.55000000,59.65000000,88.27000000,3347.49000000,38726500.00000000
2025-06-03,61.53600000,60.97200000,62.25700000,60.60000000,86.36000000,3361.98000000,30870300.00000000
2025-06-04,62.50000000,65.39300000,66.34300000,62.50000000,92.55000000,3376.20000000,63843100.00000000
2025-06-05,66.71400000,68.50000000,69.61400000,65.23600000,96.90000000,3384.10000000,55507000.00000000
2025-06-06,67.78600000,70.52200000,71.61400000,67.12200000,99.73000000,3385.36000000,46692500.00000000
2025-06-09,72.85700000,71.33600000,73.55000000,69.98600000,100.87000000,3399.77000000,58334600.00000000
2025-06-10,70.14300000,70.42900000,71.76400000,69.66400000,99.60000000,3384.82000000,41723700.00000000
2025-06-11,70.82200000,69.54300000,71.21400000,69.25700000,98.36000000,3402.32000000,36102600.00000000
2025-06-12,69.11400000,71.29300000,73.67200000,68.66400000,100.81000000,3402.66000000,59808000.00000000
2025-06-13,70.07900000,70.75000000,72.72200000,69.91400000,100.05000000,3377.00000000,32909600.00000000
2025-06-16,70.42900000,75.50000000,76.57200000,70.42900000,106.70000000,3388.73000000,58445600.00000000
2025-06-17,75.71400000,75.80000000,76.90700000,74.36400000,107.12000000,3387.40000000,36414900.00000000
2025-06-18,75.06400000,79.44300000,79.68600000,73.95000000,112.22000000,3388.81000000,56397700.00000000
2025-06-19,78.21400000,80.00000000,81.35000000,78.21400000,113.00000000,3362.11000000,44547700.00000000
2025-06-20,80.69300000,77.86400000,80.69300000,76.57200000,110.01000000,3359.90000000,43076000.00000000
2025-06-23,76.47900000,75.91400000,77.82900000,74.08600000,107.28000000,3381.58000000,39966700.00000000
2025-06-24,76.70000000,75.50700000,77.83600000,74.92900000,106.71000000,3420.57000000,35081500.00000000
2025-06-25,77.78600000,78.14300000,78.56400000,75.48600000,110.40000000,3455.97000000,51364700.00000000
2025-06-26,79.21400000,82.71400000,83.56400000,78.57200000,116.80000000,3448.45000000,55644500.00000000
2025-06-27,82.00000000,87.27200000,88.32900000,80.62900000,123.18000000,3424.23000000,60622500.00000000
2025-06-30,88.35700000,90.01400000,90.99300000,85.98600000,127.02000000,3444.43000000,59381100.00000000
2025-07-01,88.59300000,90.14300000,91.28600000,88.49300000,127.20000000,3457.75000000,28989700.00000000
2025-07-02,88.51400000,88.55700000,88.98600000,85.92900000,124.98000000,3454.79000000,35024400.00000000
2025-07-03,90.30000000,91.90000000,92.83600000,89.32200000,129.66000000,3461.15000000,45726000.00000000
2025-07-04,92.01400000,90.96400000,93.77200000,90.23600000,128.35000000,3472.32000000,43903000.00000000
2025-07-07,89.64300000,89.63600000,91.35000000,86.00000000,126.49000000,3473.13000000,40760100.00000000
2025-07-08,89.62900000,95.70000000,95.71400000,89.32200000,134.98000000,3497.48000000,47831500.00000000
2025-07-09,95.39300000,96.10700000,97.83600000,95.00700000,135.55000000,3493.05000000,35895700.00000000
2025-07-10,97.53600000,94.32200000,98.27200000,91.67900000,133.05000000,3509.68000000,52501900.00000000
2025-07-11,95.20700000,92.97200000,95.25000000,92.17900000,131.16000000,3510.18000000,31889400.00000000
2025-07-14,93.92900000,92.78600000,94.35700000,91.70000000,130.90000000,3519.65000000,30361200.00000000
2025-07-15,105.72900000,111.48600000,111.48600000,105.20000000,157.08000000,3505.00000000,52532300.00000000
2025-07-16,114.79300000,120.57200000,127.34300000,114.28600000,169.80000000,3503.78000000,114938600.00000000
2025-07-17,118.57900000,130.35700000,131.42900000,118.57900000,183.50000000,3516.83000000,67776100.00000000
2025-07-18,132.50000000,129.51400000,135.71400000,127.85700000,182.32000000,3534.48000000,64349000.00000000
2025-07-21,131.30700000,126.61400000,132.57200000,123.42200000,178.26000000,3559.79000000,60642000.00000000
2025-07-22,126.62200000,125.50700000,130.85700000,124.16400000,176.71000000,3581.86000000,56295800.00000000
2025-07-23,122.57900000,123.71400000,124.67900000,120.57200000,174.20000000,3582.30000000,43195600.00000000
2025-07-24,125.50700000,122.71400000,125.95000000,118.99300000,172.80000000,3605.73000000,52664200.00000000
2025-07-25,122.35700000,122.83600000,124.80700000,122.28600000,172.97000000,3593.66000000,28681700.00000000
2025-07-28,122.82900000,126.28600000,127.68600000,120.84300000,177.80000000,3597.94000000,64744700.00000000
2025-07-29,126.62200000,137.42200000,138.16400000,126.59300000,193.39000000,3609.71000000,77588400.00000000
2025-07-30,133.57200000,135.25000000,136.69300000,130.59300000,190.35000000,3615.72000000,57108200.00000000
2025-07-31,141.42900000,134.43600000,142.77200000,133.64300000,189.21000000,3573.21000000,74911200.00000000
2025-08-01,131.52900000,130.08600000,136.14300000,128.17200000,183.12000000,3559.95000000,50586300.00000000
2025-08-04,127.60000000,131.07200000,131.67200000,126.30700000,184.50000000,3583.31000000,33370500.00000000
2025-08-05,134.28600000,129.60700000,135.00700000,125.21400000,182.45000000,3617.60000000,44216600.00000000
2025-08-06,127.85700000,132.42900000,133.27200000,127.22200000,186.40000000,3633.99000000,30918100.00000000
2025-08-07,132.42900000,130.44300000,134.61400000,125.30000000,183.62000000,3639.67000000,40613300.00000000
2025-08-08,130.00000000,129.48600000,131.84300000,128.48600000,182.28000000,3635.13000000,26191500.00000000
2025-08-11,129.52200000,137.06400000,139.50000000,129.51400000,192.89000000,3647.55000000,41604700.00000000
2025-08-12,137.41400000,145.64300000,145.71400000,137.28600000,204.90000000,3665.92000000,51786700.00000000
2025-08-13,146.42900000,168.25700000,169.71400000,145.43600000,236.56000000,3683.46000000,60112000.00000000
2025-08-14,165.92900000,164.32900000,170.57200000,164.04300000,231.06000000,3666.44000000,44975700.00000000
2025-08-15,163.57900000,165.85700000,168.72200000,161.35000000,233.20000000,3696.77000000,40048300.00000000
2025-08-18,165.95700000,173.77900000,179.04300000,162.04300000,244.29000000,3728.03000000,49904100.00000000
2025-08-19,173.77900000,182.70700000,187.57200000,171.80000000,256.79000000,3727.29000000,45117600.00000000
2025-08-20,175.71400000,181.52900000,181.77200000,168.01400000,255.14000000,3766.21000000,41824100.00000000
2025-08-21,182.00700000,183.47200000,186.85700000,175.15700000,257.86000000,3771.10000000,39730400.00000000
2025-08-22,180.86400000,194.86400000,198.57200000,180.86400000,273.81000000,3825.76000000,46022300.00000000
2025-08-25,201.65700000,210.80000000,216.48600000,196.27200000,296.12000000,3883.56000000,58710000.00000000
2025-08-26,212.14300000,200.74300000,214.21400000,200.74300000,282.04000000,3868.38000000,48995700.00000000
2025-08-27,206.49300000,219.52200000,231.01400000,206.49300000,308.33000000,3800.35000000,73510800.00000000
2025-08-28,214.85700000,252.82200000,252.99300000,214.85700000,354.95000000,3843.60000000,73004200.00000000
2025-08-29,249.28600000,253.71400000,262.14300000,240.00000000,356.20000000,3857.93000000,60879700.00000000
2025-09-01,257.85700000,276.78600000,284.92900000,250.72200000,388.50000000,3875.53000000,66046200.00000000
2025-09-02,276.42900000,255.14300000,285.78600000,245.71400000,358.20000000,3858.13000000,92619600.00000000
2025-09-03,252.85700000,263.36400000,272.14300000,246.28600000,369.71000000,3813.56000000,73612600.00000000
2025-09-04,272.85700000,222.21400000,280.50700000,220.00000000,312.10000000,3765.88000000,104140300.00000000
2025-09-05,228.57200000,248.75000000,252.14300000,220.71400000,349.25000000,3812.51000000,84643500.00000000
2025-09-08,242.13600000,223.92900000,242.14300000,210.11400000,314.50000000,3826.84000000,79476700.00000000
2025-09-09,218.58600000,224.51400000,228.07900000,217.14300000,315.32000000,3807.29000000,53005000.00000000
2025-09-10,242.15000000,238.53600000,247.05700000,228.83600000,334.95000000,3812.22000000,74575200.00000000
2025-09-11,246.42200000,270.64300000,271.80000000,245.71400000,379.90000000,3875.31000000,76090400.00000000
2025-09-12,256.42900000,254.98600000,260.70700000,251.28600000,357.98000000,3870.60000000,57942000.00000000
2025-09-15,244.29300000,249.50000000,253.55700000,240.71400000,350.30000000,3860.50000000,37752400.00000000
2025-09-16,248.52900000,246.25000000,254.91400000,236.66400000,345.75000000,3861.87000000,51092800.00000000
2025-09-17,244.34300000,247.61400000,250.90000000,239.28600000,347.66000000,3876.34000000,34393000.00000000
2025-09-18,241.44300000,246.07900000,256.35000000,237.77200000,345.51000000,3831.66000000,52509100.00000000
2025-09-19,249.92900000,249.28600000,255.33600000,239.97900000,350.00000000,3820.09000000,44482000.00000000
2025-09-22,247.85700000,244.28600000,247.85700000,234.20000000,343.00000000,3828.58000000,41011900.00000000
2025-09-23,257.22200000,251.42900000,263.42900000,240.71400000,353.00000000,3821.83000000,55574700.00000000
2025-09-24,245.01400000,252.60000000,259.27900000,237.71400000,354.64000000,3853.64000000,43971600.00000000
2025-09-25,248.02200000,267.85700000,274.91400000,242.85700000,376.00000000,3853.30000000,56432200.00000000
2025-09-26,267.95000000,266.42900000,276.72200000,265.00000000,374.00000000,3828.11000000,38610700.00000000
2025-09-29,263.65000000,276.62900000,284.00000000,263.65000000,388.28000000,3862.53000000,41373200.00000000
2025-09-30,277.14300000,260.55000000,281.42900000,258.57200000,365.77000000,3882.78000000,49588200.00000000
2025-10-09,266.42900000,250.10700000,266.97900000,249.28600000,351.15000000,3933.97000000,52292100.00000000
2025-10-10,252.86400000,246.57200000,260.40000000,245.86400000,346.20000000,3897.03000000,43954100.00000000
2025-10-13,233.65700000,248.28600000,248.28600000,231.57200000,348.60000000,3889.50000000,44351900.00000000
2025-10-14,253.35700000,225.35700000,253.35700000,224.77200000,316.50000000,3865.23000000,61231800.00000000
2025-10-15,228.78600000,229.70700000,230.95000000,220.71400000,322.59000000,3912.21000000,35521100.00000000
2025-10-16,226.29300000,231.25700000,239.28600000,225.73600000,324.76000000,3916.23000000,31175400.00000000
2025-10-17,229.64300000,225.22200000,232.61400000,223.72900000,316.31000000,3839.76000000,30653600.00000000
2025-10-20,238.57900000,234.45700000,246.25000000,231.12900000,329.24000000,3863.89000000,48732600.00000000
2025-10-21,235.00700000,260.30000000,267.55700000,230.95000000,365.42000000,3916.33000000,61469000.00000000
2025-10-22,256.65000000,258.45000000,266.26400000,256.65000000,362.83000000,3913.76000000,38918200.00000000
2025-10-23,256.57200000,247.68600000,258.57200000,242.14300000,347.76000000,3922.41000000,33456300.00000000
2025-10-24,252.85700000,265.69300000,269.42900000,245.72200000,372.97000000,3950.31000000,54893600.00000000
2025-10-27,277.85700000,287.82200000,295.00000000,271.42900000,403.95000000,3996.94000000,58161700.00000000
2025-10-28,281.42900000,292.58600000,301.57200000,281.42900000,410.62000000,3988.22000000,48021500.00000000
2025-10-29,305.00000000,289.35700000,308.80700000,284.50700000,406.10000000,4016.33000000,56357800.00000000
2025-10-30,272.14300000,266.42900000,281.33600000,265.34300000,374.00000000,3986.90000000,78561200.00000000
2025-10-31,264.88600000,245.22200000,265.71400000,243.64300000,344.31000000,3954.79000000,58400400.00000000
2025-11-03,242.12900000,246.97200000,249.64300000,239.17900000,346.76000000,3976.52000000,38702900.00000000
2025-11-04,248.65000000,247.88600000,256.16400000,245.71400000,348.04000000,3960.19000000,34639600.00000000
2025-11-05,238.64300000,246.50000000,248.21400000,238.64300000,346.10000000,3969.25000000,25761800.00000000
2025-11-06,251.44300000,254.07900000,258.25700000,247.63600000,356.71000000,4007.76000000,39446500.00000000
2025-11-07,249.35700000,249.13600000,255.00000000,245.07900000,349.79000000,3997.56000000,29314000.00000000
2025-11-10,249.25000000,239.28600000,251.99300000,229.82200000,336.00000000,4018.60000000,47260100.00000000
2025-11-11,242.14300000,232.14300000,247.12200000,229.82200000,326.00000000,4002.76000000,37609500.00000000
2025-11-12,228.09300000,234.35700000,236.20000000,224.91400000,329.10000000,4000.14000000,40497200.00000000
2025-11-13,234.14300000,232.03600000,234.20000000,226.10700000,325.85000000,4029.50000000,27865600.00000000
2025-11-14,226.43600000,221.12900000,227.62900000,221.12900000,310.58000000,3990.49000000,32676800.00000000
2025-11-17,223.80700000,221.92900000,227.90700000,218.32900000,311.70000000,3972.03000000,31986700.00000000
2025-11-18,219.29300000,225.61400000,231.37900000,218.29300000,316.86000000,3939.81000000,34407900.00000000
2025-11-19,225.21400000,229.57200000,233.57200000,223.49300000,322.40000000,3946.74000000,35095600.00000000
2025-11-20,241.08600000,233.38600000,244.48600000,230.89300000,327.74000000,3931.05000000,39377600.00000000
2025-11-21,223.50000000,213.57200000,223.57200000,213.46400000,300.00000000,3834.89000000,43700400.00000000
2025-11-24,216.82900000,208.57200000,219.84300000,204.50700000,293.00000000,3836.77000000,46835700.00000000
2025-11-25,215.71400000,216.94300000,224.64300000,215.02200000,304.72000000,3870.02000000,46420100.00000000
2025-11-26,215.00000000,235.80000000,243.29300000,211.82200000,331.12000000,3864.18000000,67878600.00000000
2025-11-27,230.71400000,242.71400000,259.92900000,230.35700000,340.80000000,3875.26000000,63125300.00000000
2025-11-28,242.14300000,247.71400000,254.83600000,240.71400000,347.80000000,3888.60000000,41449200.00000000
2025-12-01,250.71400000,253.29300000,257.14300000,244.69300000,355.61000000,3914.01000000,38685900.00000000
2025-12-02,253.30000000,260.00000000,262.93600000,250.35000000,365.00000000,3897.71000000,37860500.00000000
2025-12-03,264.85700000,265.80700000,279.85700000,263.57200000,373.13000000,3878.00000000,58027700.00000000
2025-12-04,261.52200000,266.60700000,267.79300000,258.41400000,374.25000000,3875.79000000,33677500.00000000
2025-12-05,271.89300000,268.93600000,275.00000000,266.23600000,377.51000000,3902.81000000,35427200.00000000
2025-12-08,267.22900000,288.22900000,296.07900000,267.16400000,404.52000000,3924.08000000,55941300.00000000
2025-12-09,288.45000000,298.66400000,303.92900000,286.45000000,419.13000000,3909.52000000,48343700.00000000
2025-12-10,297.85700000,308.04300000,312.77900000,284.05700000,432.26000000,3900.50000000,51510600.00000000
2025-12-11,305.37900000,296.79300000,321.93600000,295.71400000,416.51000000,3873.32000000,61049300.00000000
2025-12-12,297.14300000,305.00000000,313.25000000,297.14300000,428.00000000,3889.35000000,58376900.00000000
2025-12-15,293.48600000,304.15000000,315.71400000,292.14300000,426.81000000,3867.92000000,38653200.00000000
2025-12-16,299.98600000,290.14300000,303.55700000,286.28600000,407.20000000,3824.81000000,38788500.00000000
2025-12-17,291.07900000,317.92900000,318.09300000,291.07200000,446.10000000,3870.28000000,49263900.00000000
2025-12-18,311.57900000,303.21400000,316.14300000,301.78600000,425.50000000,3876.37000000,40042100.00000000
2025-12-19,310.71400000,309.50000000,320.06400000,303.22200000,434.30000000,3890.45000000,35719100.00000000
2025-12-22,321.55000000,329.99300000,332.61400000,318.57200000,462.99000000,3917.36000000,39332400.00000000
2025-12-23,329.92900000,326.42900000,334.15000000,323.64300000,458.00000000,3919.98000000,29543400.00000000
2025-12-24,327.85000000,323.22200000,329.27900000,318.57200000,453.51000000,3940.95000000,29816300.00000000
2025-12-25,325.00000000,319.27900000,331.10700000,314.28600000,447.99000000,3959.62000000,28256800.00000000
2025-12-26,314.28600000,317.35700000,320.71400000,310.56400000,445.30000000,3963.68000000,24906900.00000000
2025-12-29,313.57200000,316.78600000,321.41400000,309.05000000,444.50000000,3965.28000000,24667600.00000000
2025-12-30,313.57200000,317.85700000,324.20000000,311.22200000,446.00000000,3965.12000000,25885000.00000000
2025-12-31,317.14300000,307.05700000,321.63600000,306.42900000,430.88000000,3968.84000000,28617800.00000000
2026-01-05,311.43600000,304.02200000,314.17900000,296.91400000,426.63000000,4023.42000000,35750100.00000000
2026-01-06,292.14300000,297.53600000,300.27200000,288.92900000,417.55000000,4083.67000000,40426200.00000000
2026-01-07,303.58600000,299.50000000,306.42200000,293.92900000,420.30000000,4085.77000000,30330500.00000000
2026-01-08,296.02200000,292.38600000,300.49300000,288.57200000,410.34000000,4082.98000000,28938100.00000000
2026-01-09,282.86400000,283.72900000,289.92900000,272.18600000,398.22000000,4120.43000000,42295400.00000000
2026-01-12,275.00000000,278.82200000,284.28600000,265.38600000,391.35000000,4165.29000000,54267500.00000000
2026-01-13,274.47200000,273.00000000,287.06400000,271.70000000,383.20000000,4138.76000000,39660700.00000000
2026-01-14,276.42900000,273.55000000,281.40700000,267.65000000,383.97000000,4126.09000000,45117200.00000000
2026-01-15,270.82900000,285.00000000,288.57200000,268.22200000,400.00000000,4112.60000000,50545400.00000000
2026-01-16,292.23600000,282.99300000,292.85700000,279.17200000,397.19000000,4101.91000000,46760100.00000000
2026-01-19,279.43600000,287.27200000,291.50000000,279.00700000,403.18000000,4114.00000000,33836900.00000000
2026-01-20,286.08600000,272.54300000,286.35700000,268.57200000,382.56000000,4113.65000000,42398900.00000000
2026-01-21,272.86400000,281.28600000,286.58600000,272.85700000,394.80000000,4116.94000000,39179200.00000000
2026-01-22,281.63600000,291.92900000,293.55700000,280.00000000,409.70000000,4122.58000000,43721200.00000000
2026-01-23,289.18600000,272.87200000,289.18600000,271.07200000,383.02000000,4136.16000000,50209000.00000000
2026-01-26,270.57200000,276.87900000,279.54300000,266.79300000,388.63000000,4132.61000000,31978300.00000000
2026-01-27,276.10700000,284.45700000,293.98600000,274.69300000,399.24000000,4139.90000000,41420800.00000000
2026-01-28,288.57200000,280.03600000,291.50700000,280.00000000,393.05000000,4151.24000000,35317600.00000000
2026-01-29,285.00700000,280.00000000,288.57200000,279.50700000,393.00000000,4157.98000000,33758200.00000000
2026-01-30,276.77900000,298.92200000,302.85700000,276.28600000,419.49000000,4117.95000000,50837400.00000000
2026-02-02,325.88600000,312.85700000,336.42900000,310.27900000,439.00000000,4015.75000000,77788000.00000000
2026-02-03,325.71400000,305.78600000,327.85700000,293.20700000,429.10000000,4067.74000000,65751600.00000000
2026-02-04,292.14300000,284.42900000,295.71400000,271.90700000,399.20000000,4102.20000000,59655700.00000000
2026-02-05,278.57200000,272.85700000,284.92900000,271.50000000,383.00000000,4075.92000000,36506800.00000000
2026-02-06,267.89300000,259.32900000,269.90700000,254.28600000,364.06000000,4065.58000000,46150700.00000000
2026-02-09,270.70000000,277.96400000,284.28600000,267.35700000,390.15000000,4123.09000000,47394000.00000000
2026-02-10,279.42200000,280.07900000,289.15700000,276.78600000,393.11000000,4128.37000000,29301300.00000000
2026-02-11,277.92900000,264.75700000,280.35700000,262.24300000,371.66000000,4131.98000000,44280600.00000000
2026-02-12,265.72900000,260.54300000,274.27900000,257.65700000,365.76000000,4134.02000000,44615100.00000000
2026-02-13,257.88600000,260.79300000,265.81400000,254.28600000,366.11000000,4082.07000000,29831800.00000000
2026-02-24,262.14300000,265.04300000,274.91400000,251.57200000,372.06000000,4117.41000000,46519400.00000000
2026-02-25,263.57200000,272.14300000,276.64300000,262.50700000,382.00000000,4147.23000000,33978600.00000000
2026-02-26,273.57900000,274.92900000,276.84300000,267.36400000,385.90000000,4146.63000000,31663400.00000000
2026-02-27,264.28600000,256.32900000,265.52900000,255.01400000,359.86000000,4162.88000000,50910100.00000000
2026-03-02,247.67200000,271.42900000,274.28600000,246.95700000,381.00000000,4182.59000000,55207300.00000000
2026-03-03,271.42900000,272.28600000,281.77200000,270.00000000,382.20000000,4122.68000000,51145900.00000000
2026-03-04,269.00000000,263.12200000,273.48600000,261.17900000,369.37000000,4082.47000000,32612200.00000000
2026-03-05,274.24300000,285.88600000,301.14300000,273.04300000,401.24000000,4108.57000000,69677900.00000000
2026-03-06,280.15700000,286.42900000,293.57200000,275.77900000,402.00000000,4124.19000000,40431500.00000000
2026-03-09,270.71400000,273.57200000,275.94300000,263.08600000,384.00000000,4096.60000000,44166400.00000000
2026-03-10,281.25000000,283.09300000,285.71400000,272.56400000,397.33000000,4123.14000000,42488100.00000000
2026-03-11,285.00700000,280.16400000,290.71400000,279.42900000,393.23000000,4133.43000000,33838200.00000000
2026-03-12,285.00700000,269.83600000,288.46400000,267.62200000,378.77000000,4129.10000000,34618700.00000000
2026-03-13,265.84300000,280.73600000,284.99300000,265.01400000,394.03000000,4095.45000000,40773700.00000000
2026-03-16,282.17200000,294.45000000,297.87900000,279.28600000,413.23000000,4084.79000000,47224100.00000000
2026-03-17,300.72200000,277.37900000,304.20000000,274.95000000,389.33000000,4049.91000000,45393400.00000000
2026-03-18,284.42900000,307.07200000,307.39300000,283.57200000,430.90000000,4062.98000000,60972700.00000000
2026-03-19,304.29300000,313.85700000,321.29300000,304.29300000,440.40000000,4006.55000000,54357200.00000000
2026-03-20,333.57200000,340.03600000,349.48600000,327.05700000,477.05000000,3957.05000000,67192200.00000000
2026-03-23,325.09300000,328.17200000,340.62200000,322.85700000,460.44000000,3813.28000000,48083200.00000000
2026-03-24,327.14300000,333.57200000,333.80700000,312.14300000,468.00000000,3881.28000000,40686100.00000000
2026-03-25,349.43600000,339.42900000,350.71400000,330.00000000,476.20000000,3931.84000000,45816200.00000000
2026-03-26,334.30000000,325.71400000,342.14300000,324.37200000,457.00000000,3889.08000000,36509900.00000000
2026-03-27,318.06400000,318.86400000,328.78600000,313.57900000,447.41000000,3913.72000000,29831700.00000000
2026-03-30,317.28600000,326.70000000,330.71400000,317.28600000,458.38000000,3923.29000000,25525400.00000000
2026-03-31,317.60700000,315.60000000,323.92900000,309.78600000,442.84000000,3891.86000000,28329000.00000000
2026-04-01,328.95000000,328.28600000,330.00000000,316.42900000,460.60000000,3948.55000000,31264900.00000000
2026-04-02,322.93600000,318.92200000,328.55700000,315.57200000,447.49000000,3919.29000000,21813500.00000000
2026-04-03,325.71400000,324.50000000,334.28600000,323.60700000,455.30000000,3880.10000000,33636000.00000000
2026-04-07,320.71400000,326.92900000,333.57200000,314.42200000,458.70000000,3890.16000000,28417400.00000000
2026-04-08,338.64300000,357.50000000,357.85700000,334.35000000,501.50000000,3995.00000000,46939900.00000000
2026-04-09,350.21400000,349.28600000,354.85700000,347.85700000,490.00000000,3966.17000000,29841600.00000000
2026-04-10,351.42900000,372.50000000,376.42900000,345.71400000,522.50000000,3986.22000000,44484400.00000000
2026-04-13,369.28600000,365.51400000,372.14300000,356.43600000,512.72000000,3988.56000000,37511300.00000000
2026-04-14,372.81400000,370.71400000,384.21400000,367.14300000,520.00000000,4026.63000000,38773800.00000000
2026-04-15,374.30000000,354.27200000,380.71400000,349.30000000,496.98000000,4027.21000000,46064600.00000000
2026-04-16,354.28600000,383.21400000,384.95000000,353.57200000,537.50000000,4055.55000000,41860300.00000000
2026-04-17,392.14300000,420.00000000,420.70000000,386.45000000,589.00000000,4051.43000000,41619500.00000000
2026-04-20,420.00000000,415.71500000,425.68600000,411.42900000,583.00000000,4082.13000000,34250600.00000000
2026-04-21,412.14300000,412.50000000,415.70700000,403.57200000,578.50000000,4085.08000000,28754400.00000000
2026-04-22,405.71400000,444.07900000,445.90000000,405.02200000,622.71000000,4106.26000000,43344600.00000000
2026-04-23,441.42900000,433.77200000,447.71500000,428.56500000,608.28000000,4093.25000000,40177500.00000000
2026-04-24,394.11400000,383.05000000,404.04300000,376.43600000,537.27000000,4079.90000000,91387100.00000000
2026-04-27,391.71400000,383.57200000,394.28600000,381.32900000,538.00000000,4086.34000000,46808200.00000000
2026-04-28,383.10000000,381.75700000,390.71400000,368.57900000,535.46000000,4078.64000000,35795300.00000000
2026-04-29,377.14300000,382.85700000,391.78600000,375.00000000,537.00000000,4107.51000000,27564500.00000000
2026-04-30,391.42900000,374.85000000,391.42900000,369.28600000,525.79000000,4112.16000000,30209800.00000000
2026-05-06,384.92900000,372.48600000,386.84300000,368.57200000,522.48000000,4160.17000000,42093300.00000000
2026-05-07,373.46400000,401.78600000,402.85700000,365.71400000,563.50000000,4180.09000000,53393000.00000000
2026-05-08,394.28600000,393.33600000,399.99300000,389.62200000,551.67000000,4179.95000000,29800500.00000000
2026-05-11,395.00000000,401.92900000,406.42200000,374.46400000,563.70000000,4225.02000000,58107700.00000000
2026-05-12,410.00000000,422.51500000,427.67900000,407.07900000,592.52000000,4214.49000000,52497300.00000000
2026-05-13,417.22200000,448.56500000,449.85000000,415.12900000,628.99000000,4242.57000000,42373900.00000000
2026-05-14,457.50000000,440.64300000,466.21500000,432.78600000,617.90000000,4177.92000000,38229000.00000000
2026-05-15,440.00000000,435.03600000,449.05700000,418.05700000,610.05000000,4135.39000000,35606200.00000000
2026-05-18,427.14300000,427.80000000,440.19300000,422.85700000,599.92000000,4131.53000000,29263700.00000000
2026-05-19,427.50700000,408.21400000,427.79300000,399.50700000,572.50000000,4169.54000000,33905200.00000000
2026-05-20,410.27900000,419.26500000,428.48600000,407.50700000,587.97000000,4162.18000000,32662400.00000000
2026-05-21,419.52200000,403.57200000,430.37900000,403.05000000,566.00000000,4077.28000000,32809700.00000000
2026-05-22,411.66500000,432.69300000,437.77200000,406.42900000,606.77000000,4112.90000000,40427800.00000000
2026-05-25,442.23600000,470.00700000,470.75700000,424.29300000,659.01000000,4152.57000000,47689300.00000000
2026-05-26,467.85700000,499.28600000,501.84300000,467.14300000,700.00000000,4145.37000000,46353200.00000000
2026-05-27,492.52200000,495.71500000,510.00000000,487.73600000,695.00000000,4093.73000000,35137900.00000000
2026-05-28,495.71500000,512.38600000,518.57200000,479.12200000,718.34000000,4098.64000000,33947800.00000000
2026-05-29,512.14300000,503.89300000,523.56500000,500.00700000,706.45000000,4068.57000000,33255500.00000000
2026-06-01,505.81500000,484.87200000,509.09300000,480.07200000,679.82000000,4057.74000000,29592500.00000000
2026-06-02,496.42900000,532.85700000,536.42900000,494.35700000,747.00000000,4075.10000000,38710700.00000000
2026-06-03,542.14300000,558.03600000,582.12900000,540.76500000,782.25000000,4083.97000000,42690900.00000000
2026-06-04,551.75700000,553.52900000,560.69300000,545.00000000,775.94000000,4057.78000000,25410100.00000000
2026-06-05,563.57200000,533.57200000,583.84300000,520.71500000,748.00000000,4027.74000000,44176500.00000000
2026-06-08,507.22200000,517.14300000,531.42900000,503.49300000,725.00000000,3959.34000000,32256100.00000000
2026-06-09,534.20700000,560.52200000,567.14300000,526.42900000,785.73000000,4010.03000000,34860900.00000000
2026-06-10,549.28600000,551.07200000,570.53600000,542.21500000,772.50000000,3993.23000000,30888200.00000000
2026-06-11,552.00000000,526.00000000,575.00000000,498.67000000,526.00000000,3987.01000000,66756400.00000000
2026-06-12,540.00000000,506.46000000,544.98000000,502.80000000,506.46000000,4031.51000000,65444300.00000000
2026-06-15,515.00000000,540.49000000,540.88000000,490.13000000,540.49000000,4096.47000000,61230200.00000000
2026-06-16,541.51000000,549.00000000,561.77000000,535.01000000,549.00000000,4091.89000000,40570000.00000000
2026-06-17,545.70000000,557.88000000,558.50000000,537.11000000,557.88000000,4108.08000000,38954800.00000000
2026-06-18,552.66000000,581.48000000,588.00000000,551.18000000,581.48000000,4090.48000000,42874900.00000000
2026-06-22,584.10000000,579.97000000,591.00000000,560.00000000,579.97000000,4163.10000000,45511400.00000000
2026-06-23,575.00000000,552.00000000,587.00000000,540.00000000,552.00000000,4106.25000000,44439800.00000000
2026-06-24,552.00000000,555.30000000,574.48000000,546.00000000,555.30000000,4110.81000000,40564300.00000000
2026-06-25,560.00000000,610.49000000,610.80000000,550.06000000,610.49000000,4120.28000000,69427400.00000000
2026-06-26,598.00000000,566.00000000,598.00000000,550.00000000,566.00000000,4027.26000000,61773300.00000000
2026-06-29,556.00000000,556.96000000,576.00000000,524.22000000,556.96000000,4073.90000000,51813900.00000000
2026-06-30,565.43000000,607.00000000,612.86000000,555.78000000,607.00000000,4094.40000000,58442400.00000000
2026-07-01,608.00000000,575.56000000,618.87000000,566.56000000,575.56000000,4112.45000000,47623700.00000000
2026-07-02,545.00000000,509.00000000,548.50000000,504.60000000,509.00000000,4028.90000000,69606300.00000000
2026-07-03,510.00000000,526.00000000,551.77000000,505.88000000,526.00000000,4043.64000000,53450700.00000000
2026-07-06,526.00000000,506.89000000,530.00000000,502.00000000,506.89000000,4041.24000000,43169000.00000000
2026-07-07,506.89000000,510.10000000,518.21000000,490.10000000,510.10000000,3990.24000000,45431300.00000000
2026-07-08,515.00000000,510.84000000,533.38000000,498.13000000,510.84000000,3970.88000000,44527600.00000000
2026-07-09,526.00000000,545.50000000,549.94000000,509.96000000,545.50000000,4036.59000000,49199700.00000000
2026-07-10,564.00000000,523.05000000,570.98000000,520.58000000,523.05000000,3996.16000000,51067800.00000000
2026-07-13,518.00000000,512.50000000,541.74000000,502.88000000,512.50000000,3913.79000000,41130500.00000000
2026-07-14,525.00000000,568.82000000,568.82000000,515.55000000,568.82000000,3967.13000000,64903900.00000000
2026-07-15,565.00000000,556.00000000,579.42000000,551.00000000,556.00000000,3955.58000000,44338500.00000000
2026-07-16,530.00000000,542.60000000,558.00000000,526.21000000,542.60000000,3882.41000000,40875300.00000000
2026-07-17,518.00000000,482.88000000,520.90000000,452.96000000,482.88000000,3764.15000000,76002500.00000000
2026-07-20,512.00000000,510.00000000,523.96000000,481.50000000,510.00000000,3796.28000000,68169200.00000000
2026-07-21,519.00000000,551.77000000,554.40000000,490.99000000,551.77000000,3864.37000000,75706300.00000000
2026-07-22,540.00000000,508.80000000,551.60000000,506.16000000,508.80000000,3867.03000000,62675400.00000000
2026-07-23,517.72000000,497.30000000,523.83000000,493.36000000,497.30000000,3876.78000000,44270100.00000000
2026-07-24,481.94000000,476.02000000,495.65000000,476.00000000,476.02000000,3814.20000000,33697400.00000000
2026-07-27,466.14000000,491.00000000,492.41000000,459.50000000,491.00000000,3858.25000000,35703400.00000000
2026-07-28,460.00000000,406.90000000,469.99000000,403.92000000,406.90000000,3813.31000000,77284300.00000000
2026-07-29,407.13000000,421.20000000,429.22000000,393.50000000,421.20000000,3828.47000000,65007700.00000000
2026-07-30,410.21000000,371.10000000,414.02000000,347.00000000,371.10000000,3804.69000000,96323000.00000000
2026-07-31,418.01000000,396.01000000,430.40000000,395.88000000,396.01000000,3832.26000000,74947700.00000000
2026-08-03,389.96000000,394.08000000,405.00000000,379.00000000,394.08000000,3809.66000000,40470900.00000000
2026-08-04,409.00000000,448.00000000,453.18000000,409.00000000,448.00000000,3822.28000000,69258300.00000000
2026-08-05,400.00000000,424.30000000,438.36000000,400.00000000,424.30000000,3878.43000000,87101300.00000000
2026-08-06,413.00000000,421.87000000,439.84000000,397.09000000,421.87000000,3900.35000000,51445800.00000000
2026-08-07,430.34000000,420.95000000,448.62000000,413.18000000,420.95000000,3940.04000000,59827800.00000000
2026-08-10,420.06000000,399.60000000,424.24000000,388.28000000,399.60000000,3966.59000000,66824000.00000000
2026-08-11,410.20000000,415.30000000,420.58000000,398.88000000,415.30000000,3934.09000000,48361200.00000000
2026-08-12,410.01000000,428.20000000,441.80000000,409.50000000,428.20000000,3946.68000000,43732300.00000000
2026-08-13,444.40000000,429.90000000,452.88000000,428.27000000,429.90000000,3926.96000000,43971600.00000000
2026-08-14,435.51000000,448.08000000,449.97000000,426.50000000,448.08000000,3927.18000000,38818800.00000000
2026-08-17,448.00000000,466.68000000,472.00000000,427.60000000,466.68000000,3982.65000000,58965300.00000000
2026-08-18,465.01000000,452.21000000,467.67000000,446.46000000,452.21000000,3990.30000000,38927400.00000000
2026-08-19,432.00000000,411.50000000,439.80000000,407.02000000,411.50000000,3894.42000000,54001600.00000000
2026-08-20,418.00000000,414.02000000,420.50000000,406.12000000,414.02000000,3903.72000000,28417500.00000000
2026-08-21,427.01000000,442.00000000,443.67000000,420.06000000,442.00000000,3905.20000000,47780800.00000000
2026-08-24,445.01000000,412.00000000,450.00000000,400.00000000,412.00000000,3882.01000000,49460000.00000000
2026-08-25,405.00000000,400.87000000,413.02000000,395.00000000,400.87000000,3889.44000000,35027100.00000000
2026-08-26,402.36000000,398.78000000,408.50000000,385.00000000,398.78000000,3912.52000000,34226600.00000000
2026-08-27,406.00000000,409.10000000,413.50000000,402.51000000,409.10000000,3956.57000000,36449600.00000000
2026-08-28,405.24000000,399.00000000,427.10000000,398.99000000,399.00000000,3952.18000000,42560200.00000000
2026-08-31,385.00000000,401.87000000,406.03000000,385.00000000,401.87000000,3986.30000000,31203400.00000000
2026-09-01,401.78000000,402.81000000,415.00000000,388.00000000,402.81000000,3979.89000000,37585800.00000000
2026-09-02,393.00000000,386.70000000,395.00000000,378.56000000,386.70000000,3941.39000000,35634300.00000000
2026-09-03,392.11000000,384.76000000,397.79000000,380.47000000,384.76000000,3942.09000000,26050000.00000000
2026-09-04,392.45000000,386.00000000,398.00000000,382.20000000,386.00000000,3930.12000000,29940500.00000000
2026-09-07,397.98000000,417.20000000,419.33000000,395.00000000,417.20000000,3932.70000000,51221800.00000000
2026-09-08,419.33000000,416.40000000,431.34000000,413.86000000,416.40000000,3940.55000000,36942000.00000000
2026-09-09,435.00000000,414.80000000,435.65000000,411.57000000,414.80000000,3951.51000000,28520200.00000000
2026-09-10,407.01000000,410.90000000,419.46000000,404.18000000,410.90000000,3934.40000000,21889300.00000000
2026-09-11,408.80000000,423.00000000,426.30000000,408.10000000,423.00000000,3888.11000000,42291400.00000000
2026-09-14,410.30000000,401.90000000,411.91000000,398.00000000,401.90000000,3885.33000000,32209300.00000000
2026-09-15,402.00000000,397.01000000,406.99000000,393.51000000,397.01000000,3864.28000000,24321900.00000000
