origin,partition,model,candidate_count,predicted_reachable_count,actual_touched_count,true_positive,false_positive,false_negative,count_absolute_error,assumption
2023-09-18,development,note_delta1,6,3,2,2,1,0,1,可达带=当日收盘±近20日真实波幅中位数；0.1%合并近价位；未使用次日高低价选择参数
2023-09-18,development,note_delta2,6,3,1,1,2,0,2,可达带=当日收盘±近20日真实波幅中位数；0.1%合并近价位；未使用次日高低价选择参数
2023-09-19,development,note_delta1,6,3,1,1,2,0,2,可达带=当日收盘±近20日真实波幅中位数；0.1%合并近价位；未使用次日高低价选择参数
2023-09-19,development,note_delta2,6,3,1,1,2,0,2,可达带=当日收盘±近20日真实波幅中位数；0.1%合并近价位；未使用次日高低价选择参数
2023-09-20,development,note_delta1,6,3,1,1,2,0,2,可达带=当日收盘±近20日真实波幅中位数；0.1%合并近价位；未使用次日高低价选择参数
2023-09-20,development,note_delta2,6,2,0,0,2,0,2,可达带=当日收盘±近20日真实波幅中位数；0.1%合并近价位；未使用次日高低价选择参数
2023-09-21,development,note_delta1,6,3,0,0,3,0,3,可达带=当日收盘±近20日真实波幅中位数；0.1%合并近价位；未使用次日高低价选择参数
2023-09-21,development,note_delta2,6,3,0,0,3,0,3,可达带=当日收盘±近20日真实波幅中位数；0.1%合并近价位；未使用次日高低价选择参数
2023-09-22,development,note_delta1,6,1,1,1,0,0,0,可达带=当日收盘±近20日真实波幅中位数；0.1%合并近价位；未使用次日高低价选择参数
2023-09-22,development,note_delta2,6,1,0,0,1,0,1,可达带=当日收盘±近20日真实波幅中位数；0.1%合并近价位；未使用次日高低价选择参数
2023-09-25,development,note_delta1,6,3,1,1,2,0,2,可达带=当日收盘±近20日真实波幅中位数；0.1%合并近价位；未使用次日高低价选择参数
2023-09-25,development,note_delta2,5,3,1,1,2,0,2,可达带=当日收盘±近20日真实波幅中位数；0.1%合并近价位；未使用次日高低价选择参数
2023-09-26,development,note_delta1,6,3,3,2,1,1,0,可达带=当日收盘±近20日真实波幅中位数；0.1%合并近价位；未使用次日高低价选择参数
2023-09-26,development,note_delta2,6,3,2,1,2,1,1,可达带=当日收盘±近20日真实波幅中位数；0.1%合并近价位；未使用次日高低价选择参数
2023-09-27,development,note_delta1,6,6,5,5,1,0,1,可达带=当日收盘±近20日真实波幅中位数；0.1%合并近价位；未使用次日高低价选择参数
2023-09-27,development,note_delta2,6,6,5,5,1,0,1,可达带=当日收盘±近20日真实波幅中位数；0.1%合并近价位；未使用次日高低价选择参数
2023-09-28,development,note_delta1,5,4,1,1,3,0,3,可达带=当日收盘±近20日真实波幅中位数；0.1%合并近价位；未使用次日高低价选择参数
2023-09-28,development,note_delta2,4,4,1,1,3,0,3,可达带=当日收盘±近20日真实波幅中位数；0.1%合并近价位；未使用次日高低价选择参数
2023-10-09,development,note_delta1,6,4,3,3,1,0,1,可达带=当日收盘±近20日真实波幅中位数；0.1%合并近价位；未使用次日高低价选择参数
2023-10-09,development,note_delta2,6,4,2,2,2,0,2,可达带=当日收盘±近20日真实波幅中位数；0.1%合并近价位；未使用次日高低价选择参数
2023-10-10,development,note_delta1,4,4,3,3,1,0,1,可达带=当日收盘±近20日真实波幅中位数；0.1%合并近价位；未使用次日高低价选择参数
2023-10-10,development,note_delta2,5,3,3,3,0,0,0,可达带=当日收盘±近20日真实波幅中位数；0.1%合并近价位；未使用次日高低价选择参数
2023-10-11,development,note_delta1,6,4,2,2,2,0,2,可达带=当日收盘±近20日真实波幅中位数；0.1%合并近价位；未使用次日高低价选择参数
2023-10-11,development,note_delta2,6,6,2,2,4,0,4,可达带=当日收盘±近20日真实波幅中位数；0.1%合并近价位；未使用次日高低价选择参数
2023-10-12,development,note_delta1,4,3,2,2,1,0,1,可达带=当日收盘±近20日真实波幅中位数；0.1%合并近价位；未使用次日高低价选择参数
2023-10-12,development,note_delta2,4,1,0,0,1,0,1,可达带=当日收盘±近20日真实波幅中位数；0.1%合并近价位；未使用次日高低价选择参数
2023-10-13,development,note_delta1,5,3,2,2,1,0,1,可达带=当日收盘±近20日真实波幅中位数；0.1%合并近价位；未使用次日高低价选择参数
2023-10-13,development,note_delta2,4,3,1,1,2,0,2,可达带=当日收盘±近20日真实波幅中位数；0.1%合并近价位；未使用次日高低价选择参数
2023-10-16,development,note_delta1,4,3,2,2,1,0,1,可达带=当日收盘±近20日真实波幅中位数；0.1%合并近价位；未使用次日高低价选择参数
2023-10-16,development,note_delta2,4,3,1,1,2,0,2,可达带=当日收盘±近20日真实波幅中位数；0.1%合并近价位；未使用次日高低价选择参数
2023-10-17,development,note_delta1,6,3,0,0,3,0,3,可达带=当日收盘±近20日真实波幅中位数；0.1%合并近价位；未使用次日高低价选择参数
2023-10-17,development,note_delta2,6,3,0,0,3,0,3,可达带=当日收盘±近20日真实波幅中位数；0.1%合并近价位；未使用次日高低价选择参数
2023-10-18,development,note_delta1,6,3,2,2,1,0,1,可达带=当日收盘±近20日真实波幅中位数；0.1%合并近价位；未使用次日高低价选择参数
2023-10-18,development,note_delta2,6,3,1,1,2,0,2,可达带=当日收盘±近20日真实波幅中位数；0.1%合并近价位；未使用次日高低价选择参数
2023-10-19,development,note_delta1,6,3,2,2,1,0,1,可达带=当日收盘±近20日真实波幅中位数；0.1%合并近价位；未使用次日高低价选择参数
2023-10-19,development,note_delta2,5,3,2,2,1,0,1,可达带=当日收盘±近20日真实波幅中位数；0.1%合并近价位；未使用次日高低价选择参数
2023-10-20,development,note_delta1,6,3,1,1,2,0,2,可达带=当日收盘±近20日真实波幅中位数；0.1%合并近价位；未使用次日高低价选择参数
2023-10-20,development,note_delta2,6,3,1,1,2,0,2,可达带=当日收盘±近20日真实波幅中位数；0.1%合并近价位；未使用次日高低价选择参数
2023-10-23,development,note_delta1,6,2,1,1,1,0,1,可达带=当日收盘±近20日真实波幅中位数；0.1%合并近价位；未使用次日高低价选择参数
2023-10-23,development,note_delta2,6,2,2,2,0,0,0,可达带=当日收盘±近20日真实波幅中位数；0.1%合并近价位；未使用次日高低价选择参数
2023-10-24,development,note_delta1,6,3,1,1,2,0,2,可达带=当日收盘±近20日真实波幅中位数；0.1%合并近价位；未使用次日高低价选择参数
2023-10-24,development,note_delta2,6,3,1,1,2,0,2,可达带=当日收盘±近20日真实波幅中位数；0.1%合并近价位；未使用次日高低价选择参数
2023-10-25,development,note_delta1,6,3,1,1,2,0,2,可达带=当日收盘±近20日真实波幅中位数；0.1%合并近价位；未使用次日高低价选择参数
2023-10-25,development,note_delta2,6,3,1,1,2,0,2,可达带=当日收盘±近20日真实波幅中位数；0.1%合并近价位；未使用次日高低价选择参数
2023-10-26,development,note_delta1,6,3,1,1,2,0,2,可达带=当日收盘±近20日真实波幅中位数；0.1%合并近价位；未使用次日高低价选择参数
2023-10-26,development,note_delta2,6,2,1,1,1,0,1,可达带=当日收盘±近20日真实波幅中位数；0.1%合并近价位；未使用次日高低价选择参数
2023-10-27,development,note_delta1,6,3,1,1,2,0,2,可达带=当日收盘±近20日真实波幅中位数；0.1%合并近价位；未使用次日高低价选择参数
2023-10-27,development,note_delta2,6,2,1,1,1,0,1,可达带=当日收盘±近20日真实波幅中位数；0.1%合并近价位；未使用次日高低价选择参数
2023-10-30,development,note_delta1,6,3,2,2,1,0,1,可达带=当日收盘±近20日真实波幅中位数；0.1%合并近价位；未使用次日高低价选择参数
2023-10-30,development,note_delta2,4,3,3,3,0,0,0,可达带=当日收盘±近20日真实波幅中位数；0.1%合并近价位；未使用次日高低价选择参数
2023-10-31,development,note_delta1,6,3,3,3,0,0,0,可达带=当日收盘±近20日真实波幅中位数；0.1%合并近价位；未使用次日高低价选择参数
2023-10-31,development,note_delta2,6,3,2,2,1,0,1,可达带=当日收盘±近20日真实波幅中位数；0.1%合并近价位；未使用次日高低价选择参数
2023-11-01,development,note_delta1,6,3,2,2,1,0,1,可达带=当日收盘±近20日真实波幅中位数；0.1%合并近价位；未使用次日高低价选择参数
2023-11-01,development,note_delta2,6,3,2,2,1,0,1,可达带=当日收盘±近20日真实波幅中位数；0.1%合并近价位；未使用次日高低价选择参数
2023-11-02,development,note_delta1,6,3,2,2,1,0,1,可达带=当日收盘±近20日真实波幅中位数；0.1%合并近价位；未使用次日高低价选择参数
2023-11-02,development,note_delta2,6,3,2,2,1,0,1,可达带=当日收盘±近20日真实波幅中位数；0.1%合并近价位；未使用次日高低价选择参数
2023-11-03,development,note_delta1,6,3,0,0,3,0,3,可达带=当日收盘±近20日真实波幅中位数；0.1%合并近价位；未使用次日高低价选择参数
2023-11-03,development,note_delta2,6,3,0,0,3,0,3,可达带=当日收盘±近20日真实波幅中位数；0.1%合并近价位；未使用次日高低价选择参数
2023-11-06,development,note_delta1,6,3,0,0,3,0,3,可达带=当日收盘±近20日真实波幅中位数；0.1%合并近价位；未使用次日高低价选择参数
2023-11-06,development,note_delta2,5,2,0,0,2,0,2,可达带=当日收盘±近20日真实波幅中位数；0.1%合并近价位；未使用次日高低价选择参数
2023-11-07,development,note_delta1,6,1,1,1,0,0,0,可达带=当日收盘±近20日真实波幅中位数；0.1%合并近价位；未使用次日高低价选择参数
2023-11-07,development,note_delta2,6,0,0,0,0,0,0,可达带=当日收盘±近20日真实波幅中位数；0.1%合并近价位；未使用次日高低价选择参数
2023-11-08,development,note_delta1,6,4,2,2,2,0,2,可达带=当日收盘±近20日真实波幅中位数；0.1%合并近价位；未使用次日高低价选择参数
2023-11-08,development,note_delta2,6,3,2,2,1,0,1,可达带=当日收盘±近20日真实波幅中位数；0.1%合并近价位；未使用次日高低价选择参数
2023-11-09,development,note_delta1,6,4,3,3,1,0,1,可达带=当日收盘±近20日真实波幅中位数；0.1%合并近价位；未使用次日高低价选择参数
2023-11-09,development,note_delta2,6,4,3,3,1,0,1,可达带=当日收盘±近20日真实波幅中位数；0.1%合并近价位；未使用次日高低价选择参数
2023-11-10,development,note_delta1,6,5,5,4,1,1,0,可达带=当日收盘±近20日真实波幅中位数；0.1%合并近价位；未使用次日高低价选择参数
2023-11-10,development,note_delta2,6,5,5,4,1,1,0,可达带=当日收盘±近20日真实波幅中位数；0.1%合并近价位；未使用次日高低价选择参数
2023-11-13,development,note_delta1,6,2,3,2,0,1,1,可达带=当日收盘±近20日真实波幅中位数；0.1%合并近价位；未使用次日高低价选择参数
2023-11-13,development,note_delta2,6,4,4,4,0,0,0,可达带=当日收盘±近20日真实波幅中位数；0.1%合并近价位；未使用次日高低价选择参数
2023-11-14,development,note_delta1,6,4,3,3,1,0,1,可达带=当日收盘±近20日真实波幅中位数；0.1%合并近价位；未使用次日高低价选择参数
2023-11-14,development,note_delta2,6,3,1,1,2,0,2,可达带=当日收盘±近20日真实波幅中位数；0.1%合并近价位；未使用次日高低价选择参数
2023-11-15,development,note_delta1,6,3,0,0,3,0,3,可达带=当日收盘±近20日真实波幅中位数；0.1%合并近价位；未使用次日高低价选择参数
2023-11-15,development,note_delta2,6,3,0,0,3,0,3,可达带=当日收盘±近20日真实波幅中位数；0.1%合并近价位；未使用次日高低价选择参数
2023-11-16,development,note_delta1,4,1,4,1,0,3,3,可达带=当日收盘±近20日真实波幅中位数；0.1%合并近价位；未使用次日高低价选择参数
2023-11-16,development,note_delta2,6,3,6,3,0,3,3,可达带=当日收盘±近20日真实波幅中位数；0.1%合并近价位；未使用次日高低价选择参数
2023-11-17,development,note_delta1,6,2,1,1,1,0,1,可达带=当日收盘±近20日真实波幅中位数；0.1%合并近价位；未使用次日高低价选择参数
2023-11-17,development,note_delta2,6,2,0,0,2,0,2,可达带=当日收盘±近20日真实波幅中位数；0.1%合并近价位；未使用次日高低价选择参数
2023-11-20,development,note_delta1,6,3,2,2,1,0,1,可达带=当日收盘±近20日真实波幅中位数；0.1%合并近价位；未使用次日高低价选择参数
2023-11-20,development,note_delta2,6,3,2,2,1,0,1,可达带=当日收盘±近20日真实波幅中位数；0.1%合并近价位；未使用次日高低价选择参数
2023-11-21,development,note_delta1,6,3,3,3,0,0,0,可达带=当日收盘±近20日真实波幅中位数；0.1%合并近价位；未使用次日高低价选择参数
2023-11-21,development,note_delta2,6,3,2,2,1,0,1,可达带=当日收盘±近20日真实波幅中位数；0.1%合并近价位；未使用次日高低价选择参数
2023-11-22,development,note_delta1,6,3,1,1,2,0,2,可达带=当日收盘±近20日真实波幅中位数；0.1%合并近价位；未使用次日高低价选择参数
2023-11-22,development,note_delta2,6,2,0,0,2,0,2,可达带=当日收盘±近20日真实波幅中位数；0.1%合并近价位；未使用次日高低价选择参数
2023-11-23,development,note_delta1,6,2,0,0,2,0,2,可达带=当日收盘±近20日真实波幅中位数；0.1%合并近价位；未使用次日高低价选择参数
2023-11-23,development,note_delta2,6,3,0,0,3,0,3,可达带=当日收盘±近20日真实波幅中位数；0.1%合并近价位；未使用次日高低价选择参数
2023-11-24,development,note_delta1,6,3,3,3,0,0,0,可达带=当日收盘±近20日真实波幅中位数；0.1%合并近价位；未使用次日高低价选择参数
2023-11-24,development,note_delta2,6,3,3,3,0,0,0,可达带=当日收盘±近20日真实波幅中位数；0.1%合并近价位；未使用次日高低价选择参数
2023-11-27,development,note_delta1,6,3,0,0,3,0,3,可达带=当日收盘±近20日真实波幅中位数；0.1%合并近价位；未使用次日高低价选择参数
2023-11-27,development,note_delta2,6,2,0,0,2,0,2,可达带=当日收盘±近20日真实波幅中位数；0.1%合并近价位；未使用次日高低价选择参数
2023-11-28,development,note_delta1,4,3,2,2,1,0,1,可达带=当日收盘±近20日真实波幅中位数；0.1%合并近价位；未使用次日高低价选择参数
2023-11-28,development,note_delta2,6,3,2,2,1,0,1,可达带=当日收盘±近20日真实波幅中位数；0.1%合并近价位；未使用次日高低价选择参数
2023-11-29,development,note_delta1,6,3,3,3,0,0,0,可达带=当日收盘±近20日真实波幅中位数；0.1%合并近价位；未使用次日高低价选择参数
2023-11-29,development,note_delta2,6,3,3,3,0,0,0,可达带=当日收盘±近20日真实波幅中位数；0.1%合并近价位；未使用次日高低价选择参数
2023-11-30,development,note_delta1,6,4,4,2,2,2,0,可达带=当日收盘±近20日真实波幅中位数；0.1%合并近价位；未使用次日高低价选择参数
2023-11-30,development,note_delta2,6,3,3,0,3,3,0,可达带=当日收盘±近20日真实波幅中位数；0.1%合并近价位；未使用次日高低价选择参数
2023-12-01,development,note_delta1,6,6,5,5,1,0,1,可达带=当日收盘±近20日真实波幅中位数；0.1%合并近价位；未使用次日高低价选择参数
2023-12-01,development,note_delta2,6,5,4,4,1,0,1,可达带=当日收盘±近20日真实波幅中位数；0.1%合并近价位；未使用次日高低价选择参数
2023-12-04,development,note_delta1,6,6,4,4,2,0,2,可达带=当日收盘±近20日真实波幅中位数；0.1%合并近价位；未使用次日高低价选择参数
2023-12-04,development,note_delta2,5,5,5,5,0,0,0,可达带=当日收盘±近20日真实波幅中位数；0.1%合并近价位；未使用次日高低价选择参数
2023-12-05,development,note_delta1,6,6,2,2,4,0,4,可达带=当日收盘±近20日真实波幅中位数；0.1%合并近价位；未使用次日高低价选择参数
2023-12-05,development,note_delta2,5,5,2,2,3,0,3,可达带=当日收盘±近20日真实波幅中位数；0.1%合并近价位；未使用次日高低价选择参数
2023-12-06,development,note_delta1,6,4,6,4,0,2,2,可达带=当日收盘±近20日真实波幅中位数；0.1%合并近价位；未使用次日高低价选择参数
2023-12-06,development,note_delta2,5,4,5,4,0,1,1,可达带=当日收盘±近20日真实波幅中位数；0.1%合并近价位；未使用次日高低价选择参数
2023-12-07,development,note_delta1,6,6,5,5,1,0,1,可达带=当日收盘±近20日真实波幅中位数；0.1%合并近价位；未使用次日高低价选择参数
2023-12-07,development,note_delta2,6,6,5,5,1,0,1,可达带=当日收盘±近20日真实波幅中位数；0.1%合并近价位；未使用次日高低价选择参数
2023-12-08,development,note_delta1,6,4,2,2,2,0,2,可达带=当日收盘±近20日真实波幅中位数；0.1%合并近价位；未使用次日高低价选择参数
2023-12-08,development,note_delta2,6,5,3,3,2,0,2,可达带=当日收盘±近20日真实波幅中位数；0.1%合并近价位；未使用次日高低价选择参数
2023-12-11,development,note_delta1,6,4,3,2,2,1,1,可达带=当日收盘±近20日真实波幅中位数；0.1%合并近价位；未使用次日高低价选择参数
2023-12-11,development,note_delta2,6,4,3,2,2,1,1,可达带=当日收盘±近20日真实波幅中位数；0.1%合并近价位；未使用次日高低价选择参数
2023-12-12,development,note_delta1,6,3,1,1,2,0,2,可达带=当日收盘±近20日真实波幅中位数；0.1%合并近价位；未使用次日高低价选择参数
2023-12-12,development,note_delta2,6,2,1,1,1,0,1,可达带=当日收盘±近20日真实波幅中位数；0.1%合并近价位；未使用次日高低价选择参数
2023-12-13,development,note_delta1,6,2,3,2,0,1,1,可达带=当日收盘±近20日真实波幅中位数；0.1%合并近价位；未使用次日高低价选择参数
2023-12-13,development,note_delta2,6,1,3,1,0,2,2,可达带=当日收盘±近20日真实波幅中位数；0.1%合并近价位；未使用次日高低价选择参数
2023-12-14,development,note_delta1,6,3,1,1,2,0,2,可达带=当日收盘±近20日真实波幅中位数；0.1%合并近价位；未使用次日高低价选择参数
2023-12-14,development,note_delta2,6,3,1,1,2,0,2,可达带=当日收盘±近20日真实波幅中位数；0.1%合并近价位；未使用次日高低价选择参数
2023-12-15,development,note_delta1,6,3,3,3,0,0,0,可达带=当日收盘±近20日真实波幅中位数；0.1%合并近价位；未使用次日高低价选择参数
2023-12-15,development,note_delta2,5,2,2,2,0,0,0,可达带=当日收盘±近20日真实波幅中位数；0.1%合并近价位；未使用次日高低价选择参数
2023-12-18,development,note_delta1,6,3,3,3,0,0,0,可达带=当日收盘±近20日真实波幅中位数；0.1%合并近价位；未使用次日高低价选择参数
2023-12-18,development,note_delta2,6,3,3,3,0,0,0,可达带=当日收盘±近20日真实波幅中位数；0.1%合并近价位；未使用次日高低价选择参数
2023-12-19,development,note_delta1,6,3,0,0,3,0,3,可达带=当日收盘±近20日真实波幅中位数；0.1%合并近价位；未使用次日高低价选择参数
2023-12-19,development,note_delta2,6,3,2,2,1,0,1,可达带=当日收盘±近20日真实波幅中位数；0.1%合并近价位；未使用次日高低价选择参数
2023-12-20,development,note_delta1,6,3,3,3,0,0,0,可达带=当日收盘±近20日真实波幅中位数；0.1%合并近价位；未使用次日高低价选择参数
2023-12-20,development,note_delta2,6,3,3,3,0,0,0,可达带=当日收盘±近20日真实波幅中位数；0.1%合并近价位；未使用次日高低价选择参数
2023-12-21,development,note_delta1,4,3,3,3,0,0,0,可达带=当日收盘±近20日真实波幅中位数；0.1%合并近价位；未使用次日高低价选择参数
2023-12-21,development,note_delta2,6,3,3,3,0,0,0,可达带=当日收盘±近20日真实波幅中位数；0.1%合并近价位；未使用次日高低价选择参数
2023-12-22,development,note_delta1,6,3,3,3,0,0,0,可达带=当日收盘±近20日真实波幅中位数；0.1%合并近价位；未使用次日高低价选择参数
2023-12-22,development,note_delta2,6,3,3,3,0,0,0,可达带=当日收盘±近20日真实波幅中位数；0.1%合并近价位；未使用次日高低价选择参数
2023-12-25,development,note_delta1,6,3,3,3,0,0,0,可达带=当日收盘±近20日真实波幅中位数；0.1%合并近价位；未使用次日高低价选择参数
2023-12-25,development,note_delta2,6,3,3,3,0,0,0,可达带=当日收盘±近20日真实波幅中位数；0.1%合并近价位；未使用次日高低价选择参数
2023-12-26,development,note_delta1,6,3,2,2,1,0,1,可达带=当日收盘±近20日真实波幅中位数；0.1%合并近价位；未使用次日高低价选择参数
2023-12-26,development,note_delta2,6,3,2,2,1,0,1,可达带=当日收盘±近20日真实波幅中位数；0.1%合并近价位；未使用次日高低价选择参数
2023-12-27,development,note_delta1,6,3,3,3,0,0,0,可达带=当日收盘±近20日真实波幅中位数；0.1%合并近价位；未使用次日高低价选择参数
2023-12-27,development,note_delta2,6,3,3,3,0,0,0,可达带=当日收盘±近20日真实波幅中位数；0.1%合并近价位；未使用次日高低价选择参数
2023-12-28,development,note_delta1,6,3,0,0,3,0,3,可达带=当日收盘±近20日真实波幅中位数；0.1%合并近价位；未使用次日高低价选择参数
2023-12-28,development,note_delta2,6,3,0,0,3,0,3,可达带=当日收盘±近20日真实波幅中位数；0.1%合并近价位；未使用次日高低价选择参数
2023-12-29,development,note_delta1,4,3,3,3,0,0,0,可达带=当日收盘±近20日真实波幅中位数；0.1%合并近价位；未使用次日高低价选择参数
2023-12-29,development,note_delta2,6,3,2,2,1,0,1,可达带=当日收盘±近20日真实波幅中位数；0.1%合并近价位；未使用次日高低价选择参数
2024-01-02,development,note_delta1,5,3,3,3,0,0,0,可达带=当日收盘±近20日真实波幅中位数；0.1%合并近价位；未使用次日高低价选择参数
2024-01-02,development,note_delta2,4,3,1,1,2,0,2,可达带=当日收盘±近20日真实波幅中位数；0.1%合并近价位；未使用次日高低价选择参数
2024-01-03,development,note_delta1,6,3,3,3,0,0,0,可达带=当日收盘±近20日真实波幅中位数；0.1%合并近价位；未使用次日高低价选择参数
2024-01-03,development,note_delta2,6,3,3,3,0,0,0,可达带=当日收盘±近20日真实波幅中位数；0.1%合并近价位；未使用次日高低价选择参数
2024-01-04,development,note_delta1,5,3,0,0,3,0,3,可达带=当日收盘±近20日真实波幅中位数；0.1%合并近价位；未使用次日高低价选择参数
2024-01-04,development,note_delta2,5,2,0,0,2,0,2,可达带=当日收盘±近20日真实波幅中位数；0.1%合并近价位；未使用次日高低价选择参数
2024-01-05,development,note_delta1,6,3,1,1,2,0,2,可达带=当日收盘±近20日真实波幅中位数；0.1%合并近价位；未使用次日高低价选择参数
2024-01-05,development,note_delta2,6,3,0,0,3,0,3,可达带=当日收盘±近20日真实波幅中位数；0.1%合并近价位；未使用次日高低价选择参数
2024-01-08,development,note_delta1,6,3,1,1,2,0,2,可达带=当日收盘±近20日真实波幅中位数；0.1%合并近价位；未使用次日高低价选择参数
2024-01-08,development,note_delta2,4,3,1,1,2,0,2,可达带=当日收盘±近20日真实波幅中位数；0.1%合并近价位；未使用次日高低价选择参数
2024-01-09,development,note_delta1,6,3,3,3,0,0,0,可达带=当日收盘±近20日真实波幅中位数；0.1%合并近价位；未使用次日高低价选择参数
2024-01-09,development,note_delta2,6,3,2,2,1,0,1,可达带=当日收盘±近20日真实波幅中位数；0.1%合并近价位；未使用次日高低价选择参数
2024-01-10,development,note_delta1,6,3,2,2,1,0,1,可达带=当日收盘±近20日真实波幅中位数；0.1%合并近价位；未使用次日高低价选择参数
2024-01-10,development,note_delta2,6,3,2,2,1,0,1,可达带=当日收盘±近20日真实波幅中位数；0.1%合并近价位；未使用次日高低价选择参数
2024-01-11,development,note_delta1,6,3,3,3,0,0,0,可达带=当日收盘±近20日真实波幅中位数；0.1%合并近价位；未使用次日高低价选择参数
2024-01-11,development,note_delta2,6,3,3,3,0,0,0,可达带=当日收盘±近20日真实波幅中位数；0.1%合并近价位；未使用次日高低价选择参数
2024-01-12,development,note_delta1,6,3,3,3,0,0,0,可达带=当日收盘±近20日真实波幅中位数；0.1%合并近价位；未使用次日高低价选择参数
2024-01-12,development,note_delta2,6,3,3,3,0,0,0,可达带=当日收盘±近20日真实波幅中位数；0.1%合并近价位；未使用次日高低价选择参数
2024-01-15,development,note_delta1,6,3,3,3,0,0,0,可达带=当日收盘±近20日真实波幅中位数；0.1%合并近价位；未使用次日高低价选择参数
2024-01-15,development,note_delta2,6,3,2,2,1,0,1,可达带=当日收盘±近20日真实波幅中位数；0.1%合并近价位；未使用次日高低价选择参数
2024-01-16,development,note_delta1,6,4,1,1,3,0,3,可达带=当日收盘±近20日真实波幅中位数；0.1%合并近价位；未使用次日高低价选择参数
2024-01-16,development,note_delta2,6,4,0,0,4,0,4,可达带=当日收盘±近20日真实波幅中位数；0.1%合并近价位；未使用次日高低价选择参数
2024-01-17,development,note_delta1,5,5,5,5,0,0,0,可达带=当日收盘±近20日真实波幅中位数；0.1%合并近价位；未使用次日高低价选择参数
2024-01-17,development,note_delta2,6,6,6,6,0,0,0,可达带=当日收盘±近20日真实波幅中位数；0.1%合并近价位；未使用次日高低价选择参数
2024-01-18,development,note_delta1,6,5,2,2,3,0,3,可达带=当日收盘±近20日真实波幅中位数；0.1%合并近价位；未使用次日高低价选择参数
2024-01-18,development,note_delta2,5,3,3,3,0,0,0,可达带=当日收盘±近20日真实波幅中位数；0.1%合并近价位；未使用次日高低价选择参数
2024-01-19,development,note_delta1,6,6,3,3,3,0,3,可达带=当日收盘±近20日真实波幅中位数；0.1%合并近价位；未使用次日高低价选择参数
2024-01-19,development,note_delta2,6,6,5,5,1,0,1,可达带=当日收盘±近20日真实波幅中位数；0.1%合并近价位；未使用次日高低价选择参数
2024-01-22,development,note_delta1,5,5,4,4,1,0,1,可达带=当日收盘±近20日真实波幅中位数；0.1%合并近价位；未使用次日高低价选择参数
2024-01-22,development,note_delta2,6,6,5,5,1,0,1,可达带=当日收盘±近20日真实波幅中位数；0.1%合并近价位；未使用次日高低价选择参数
2024-01-23,development,note_delta1,6,6,2,2,4,0,4,可达带=当日收盘±近20日真实波幅中位数；0.1%合并近价位；未使用次日高低价选择参数
2024-01-23,development,note_delta2,6,6,3,3,3,0,3,可达带=当日收盘±近20日真实波幅中位数；0.1%合并近价位；未使用次日高低价选择参数
2024-01-24,development,note_delta1,5,3,3,3,0,0,0,可达带=当日收盘±近20日真实波幅中位数；0.1%合并近价位；未使用次日高低价选择参数
2024-01-24,development,note_delta2,6,3,3,3,0,0,0,可达带=当日收盘±近20日真实波幅中位数；0.1%合并近价位；未使用次日高低价选择参数
2024-01-25,development,note_delta1,6,4,1,1,3,0,3,可达带=当日收盘±近20日真实波幅中位数；0.1%合并近价位；未使用次日高低价选择参数
2024-01-25,development,note_delta2,6,4,1,1,3,0,3,可达带=当日收盘±近20日真实波幅中位数；0.1%合并近价位；未使用次日高低价选择参数
2024-01-26,development,note_delta1,6,3,0,0,3,0,3,可达带=当日收盘±近20日真实波幅中位数；0.1%合并近价位；未使用次日高低价选择参数
2024-01-26,development,note_delta2,6,3,0,0,3,0,3,可达带=当日收盘±近20日真实波幅中位数；0.1%合并近价位；未使用次日高低价选择参数
2024-01-29,development,note_delta1,5,0,0,0,0,0,0,可达带=当日收盘±近20日真实波幅中位数；0.1%合并近价位；未使用次日高低价选择参数
2024-01-29,development,note_delta2,6,0,0,0,0,0,0,可达带=当日收盘±近20日真实波幅中位数；0.1%合并近价位；未使用次日高低价选择参数
2024-01-30,development,note_delta1,6,2,2,2,0,0,0,可达带=当日收盘±近20日真实波幅中位数；0.1%合并近价位；未使用次日高低价选择参数
2024-01-30,development,note_delta2,5,2,1,1,1,0,1,可达带=当日收盘±近20日真实波幅中位数；0.1%合并近价位；未使用次日高低价选择参数
2024-01-31,development,note_delta1,6,3,2,2,1,0,1,可达带=当日收盘±近20日真实波幅中位数；0.1%合并近价位；未使用次日高低价选择参数
2024-01-31,development,note_delta2,6,3,2,2,1,0,1,可达带=当日收盘±近20日真实波幅中位数；0.1%合并近价位；未使用次日高低价选择参数
2024-02-01,development,note_delta1,5,1,0,0,1,0,1,可达带=当日收盘±近20日真实波幅中位数；0.1%合并近价位；未使用次日高低价选择参数
2024-02-01,development,note_delta2,6,1,0,0,1,0,1,可达带=当日收盘±近20日真实波幅中位数；0.1%合并近价位；未使用次日高低价选择参数
2024-02-02,development,note_delta1,4,1,0,0,1,0,1,可达带=当日收盘±近20日真实波幅中位数；0.1%合并近价位；未使用次日高低价选择参数
2024-02-02,development,note_delta2,4,1,0,0,1,0,1,可达带=当日收盘±近20日真实波幅中位数；0.1%合并近价位；未使用次日高低价选择参数
2024-02-05,development,note_delta1,5,3,3,3,0,0,0,可达带=当日收盘±近20日真实波幅中位数；0.1%合并近价位；未使用次日高低价选择参数
2024-02-05,development,note_delta2,5,3,0,0,3,0,3,可达带=当日收盘±近20日真实波幅中位数；0.1%合并近价位；未使用次日高低价选择参数
2024-02-06,development,note_delta1,6,2,1,1,1,0,1,可达带=当日收盘±近20日真实波幅中位数；0.1%合并近价位；未使用次日高低价选择参数
2024-02-06,development,note_delta2,6,2,0,0,2,0,2,可达带=当日收盘±近20日真实波幅中位数；0.1%合并近价位；未使用次日高低价选择参数
2024-02-07,development,note_delta1,6,3,4,1,2,3,1,可达带=当日收盘±近20日真实波幅中位数；0.1%合并近价位；未使用次日高低价选择参数
2024-02-07,development,note_delta2,6,3,4,1,2,3,1,可达带=当日收盘±近20日真实波幅中位数；0.1%合并近价位；未使用次日高低价选择参数
2024-02-08,development,note_delta1,6,4,3,1,3,2,1,可达带=当日收盘±近20日真实波幅中位数；0.1%合并近价位；未使用次日高低价选择参数
2024-02-08,development,note_delta2,6,5,3,2,3,1,2,可达带=当日收盘±近20日真实波幅中位数；0.1%合并近价位；未使用次日高低价选择参数
2024-02-19,development,note_delta1,6,4,2,2,2,0,2,可达带=当日收盘±近20日真实波幅中位数；0.1%合并近价位；未使用次日高低价选择参数
2024-02-19,development,note_delta2,6,4,3,3,1,0,1,可达带=当日收盘±近20日真实波幅中位数；0.1%合并近价位；未使用次日高低价选择参数
2024-02-20,development,note_delta1,6,3,1,1,2,0,2,可达带=当日收盘±近20日真实波幅中位数；0.1%合并近价位；未使用次日高低价选择参数
2024-02-20,development,note_delta2,6,3,1,1,2,0,2,可达带=当日收盘±近20日真实波幅中位数；0.1%合并近价位；未使用次日高低价选择参数
2024-02-21,development,note_delta1,6,2,2,2,0,0,0,可达带=当日收盘±近20日真实波幅中位数；0.1%合并近价位；未使用次日高低价选择参数
2024-02-21,development,note_delta2,6,1,1,1,0,0,0,可达带=当日收盘±近20日真实波幅中位数；0.1%合并近价位；未使用次日高低价选择参数
2024-02-22,development,note_delta1,6,2,1,1,1,0,1,可达带=当日收盘±近20日真实波幅中位数；0.1%合并近价位；未使用次日高低价选择参数
2024-02-22,development,note_delta2,6,2,1,1,1,0,1,可达带=当日收盘±近20日真实波幅中位数；0.1%合并近价位；未使用次日高低价选择参数
2024-02-23,development,note_delta1,6,2,0,0,2,0,2,可达带=当日收盘±近20日真实波幅中位数；0.1%合并近价位；未使用次日高低价选择参数
2024-02-23,development,note_delta2,6,1,0,0,1,0,1,可达带=当日收盘±近20日真实波幅中位数；0.1%合并近价位；未使用次日高低价选择参数
2024-02-26,development,note_delta1,6,3,1,1,2,0,2,可达带=当日收盘±近20日真实波幅中位数；0.1%合并近价位；未使用次日高低价选择参数
2024-02-26,development,note_delta2,4,1,1,1,0,0,0,可达带=当日收盘±近20日真实波幅中位数；0.1%合并近价位；未使用次日高低价选择参数
2024-02-27,development,note_delta1,6,3,3,3,0,0,0,可达带=当日收盘±近20日真实波幅中位数；0.1%合并近价位；未使用次日高低价选择参数
2024-02-27,development,note_delta2,6,2,3,2,0,1,1,可达带=当日收盘±近20日真实波幅中位数；0.1%合并近价位；未使用次日高低价选择参数
2024-02-28,development,note_delta1,6,3,3,3,0,0,0,可达带=当日收盘±近20日真实波幅中位数；0.1%合并近价位；未使用次日高低价选择参数
2024-02-28,development,note_delta2,6,3,3,3,0,0,0,可达带=当日收盘±近20日真实波幅中位数；0.1%合并近价位；未使用次日高低价选择参数
2024-02-29,development,note_delta1,4,1,1,1,0,0,0,可达带=当日收盘±近20日真实波幅中位数；0.1%合并近价位；未使用次日高低价选择参数
2024-02-29,development,note_delta2,6,3,1,1,2,0,2,可达带=当日收盘±近20日真实波幅中位数；0.1%合并近价位；未使用次日高低价选择参数
2024-03-01,development,note_delta1,6,3,2,1,2,1,1,可达带=当日收盘±近20日真实波幅中位数；0.1%合并近价位；未使用次日高低价选择参数
2024-03-01,development,note_delta2,6,3,1,0,3,1,2,可达带=当日收盘±近20日真实波幅中位数；0.1%合并近价位；未使用次日高低价选择参数
2024-03-04,development,note_delta1,6,3,1,1,2,0,2,可达带=当日收盘±近20日真实波幅中位数；0.1%合并近价位；未使用次日高低价选择参数
2024-03-04,development,note_delta2,6,3,1,1,2,0,2,可达带=当日收盘±近20日真实波幅中位数；0.1%合并近价位；未使用次日高低价选择参数
2024-03-05,development,note_delta1,6,3,1,1,2,0,2,可达带=当日收盘±近20日真实波幅中位数；0.1%合并近价位；未使用次日高低价选择参数
2024-03-05,development,note_delta2,6,3,2,2,1,0,1,可达带=当日收盘±近20日真实波幅中位数；0.1%合并近价位；未使用次日高低价选择参数
2024-03-06,development,note_delta1,6,3,1,1,2,0,2,可达带=当日收盘±近20日真实波幅中位数；0.1%合并近价位；未使用次日高低价选择参数
2024-03-06,development,note_delta2,6,3,2,2,1,0,1,可达带=当日收盘±近20日真实波幅中位数；0.1%合并近价位；未使用次日高低价选择参数
2024-03-07,development,note_delta1,6,2,1,1,1,0,1,可达带=当日收盘±近20日真实波幅中位数；0.1%合并近价位；未使用次日高低价选择参数
2024-03-07,development,note_delta2,6,1,1,1,0,0,0,可达带=当日收盘±近20日真实波幅中位数；0.1%合并近价位；未使用次日高低价选择参数
2024-03-08,development,note_delta1,6,3,0,0,3,0,3,可达带=当日收盘±近20日真实波幅中位数；0.1%合并近价位；未使用次日高低价选择参数
2024-03-08,development,note_delta2,4,3,0,0,3,0,3,可达带=当日收盘±近20日真实波幅中位数；0.1%合并近价位；未使用次日高低价选择参数
2024-03-11,development,note_delta1,6,3,3,3,0,0,0,可达带=当日收盘±近20日真实波幅中位数；0.1%合并近价位；未使用次日高低价选择参数
2024-03-11,development,note_delta2,4,3,3,3,0,0,0,可达带=当日收盘±近20日真实波幅中位数；0.1%合并近价位；未使用次日高低价选择参数
2024-03-12,development,note_delta1,6,5,3,3,2,0,2,可达带=当日收盘±近20日真实波幅中位数；0.1%合并近价位；未使用次日高低价选择参数
2024-03-12,development,note_delta2,6,4,3,3,1,0,1,可达带=当日收盘±近20日真实波幅中位数；0.1%合并近价位；未使用次日高低价选择参数
2024-03-13,development,note_delta1,6,3,3,3,0,0,0,可达带=当日收盘±近20日真实波幅中位数；0.1%合并近价位；未使用次日高低价选择参数
2024-03-13,development,note_delta2,6,4,3,3,1,0,1,可达带=当日收盘±近20日真实波幅中位数；0.1%合并近价位；未使用次日高低价选择参数
2024-03-14,development,note_delta1,6,6,6,6,0,0,0,可达带=当日收盘±近20日真实波幅中位数；0.1%合并近价位；未使用次日高低价选择参数
2024-03-14,development,note_delta2,6,6,6,6,0,0,0,可达带=当日收盘±近20日真实波幅中位数；0.1%合并近价位；未使用次日高低价选择参数
2024-03-15,development,note_delta1,6,4,2,2,2,0,2,可达带=当日收盘±近20日真实波幅中位数；0.1%合并近价位；未使用次日高低价选择参数
2024-03-15,development,note_delta2,6,3,0,0,3,0,3,可达带=当日收盘±近20日真实波幅中位数；0.1%合并近价位；未使用次日高低价选择参数
2024-03-18,development,note_delta1,6,4,2,2,2,0,2,可达带=当日收盘±近20日真实波幅中位数；0.1%合并近价位；未使用次日高低价选择参数
2024-03-18,development,note_delta2,6,5,2,2,3,0,3,可达带=当日收盘±近20日真实波幅中位数；0.1%合并近价位；未使用次日高低价选择参数
2024-03-19,development,note_delta1,6,4,2,2,2,0,2,可达带=当日收盘±近20日真实波幅中位数；0.1%合并近价位；未使用次日高低价选择参数
2024-03-19,development,note_delta2,6,4,2,2,2,0,2,可达带=当日收盘±近20日真实波幅中位数；0.1%合并近价位；未使用次日高低价选择参数
2024-03-20,development,note_delta1,6,2,1,1,1,0,1,可达带=当日收盘±近20日真实波幅中位数；0.1%合并近价位；未使用次日高低价选择参数
2024-03-20,development,note_delta2,6,2,1,1,1,0,1,可达带=当日收盘±近20日真实波幅中位数；0.1%合并近价位；未使用次日高低价选择参数
2024-03-21,development,note_delta1,6,1,2,1,0,1,1,可达带=当日收盘±近20日真实波幅中位数；0.1%合并近价位；未使用次日高低价选择参数
2024-03-21,development,note_delta2,6,1,2,1,0,1,1,可达带=当日收盘±近20日真实波幅中位数；0.1%合并近价位；未使用次日高低价选择参数
2024-03-22,development,note_delta1,6,5,3,3,2,0,2,可达带=当日收盘±近20日真实波幅中位数；0.1%合并近价位；未使用次日高低价选择参数
2024-03-22,development,note_delta2,6,5,2,2,3,0,3,可达带=当日收盘±近20日真实波幅中位数；0.1%合并近价位；未使用次日高低价选择参数
2024-03-25,development,note_delta1,6,3,3,3,0,0,0,可达带=当日收盘±近20日真实波幅中位数；0.1%合并近价位；未使用次日高低价选择参数
2024-03-25,development,note_delta2,6,3,3,3,0,0,0,可达带=当日收盘±近20日真实波幅中位数；0.1%合并近价位；未使用次日高低价选择参数
2024-03-26,development,note_delta1,4,3,1,1,2,0,2,可达带=当日收盘±近20日真实波幅中位数；0.1%合并近价位；未使用次日高低价选择参数
2024-03-26,development,note_delta2,6,3,0,0,3,0,3,可达带=当日收盘±近20日真实波幅中位数；0.1%合并近价位；未使用次日高低价选择参数
2024-03-27,development,note_delta1,6,2,1,1,1,0,1,可达带=当日收盘±近20日真实波幅中位数；0.1%合并近价位；未使用次日高低价选择参数
2024-03-27,development,note_delta2,6,2,1,1,1,0,1,可达带=当日收盘±近20日真实波幅中位数；0.1%合并近价位；未使用次日高低价选择参数
2024-03-28,development,note_delta1,6,3,1,1,2,0,2,可达带=当日收盘±近20日真实波幅中位数；0.1%合并近价位；未使用次日高低价选择参数
2024-03-28,development,note_delta2,6,3,1,1,2,0,2,可达带=当日收盘±近20日真实波幅中位数；0.1%合并近价位；未使用次日高低价选择参数
2024-03-29,development,note_delta1,6,2,1,1,1,0,1,可达带=当日收盘±近20日真实波幅中位数；0.1%合并近价位；未使用次日高低价选择参数
2024-03-29,development,note_delta2,6,3,1,1,2,0,2,可达带=当日收盘±近20日真实波幅中位数；0.1%合并近价位；未使用次日高低价选择参数
2024-04-01,development,note_delta1,5,2,0,0,2,0,2,可达带=当日收盘±近20日真实波幅中位数；0.1%合并近价位；未使用次日高低价选择参数
2024-04-01,development,note_delta2,5,1,0,0,1,0,1,可达带=当日收盘±近20日真实波幅中位数；0.1%合并近价位；未使用次日高低价选择参数
2024-04-02,development,note_delta1,5,3,3,3,0,0,0,可达带=当日收盘±近20日真实波幅中位数；0.1%合并近价位；未使用次日高低价选择参数
2024-04-02,development,note_delta2,5,3,3,3,0,0,0,可达带=当日收盘±近20日真实波幅中位数；0.1%合并近价位；未使用次日高低价选择参数
2024-04-03,development,note_delta1,4,3,3,3,0,0,0,可达带=当日收盘±近20日真实波幅中位数；0.1%合并近价位；未使用次日高低价选择参数
2024-04-03,development,note_delta2,4,3,3,3,0,0,0,可达带=当日收盘±近20日真实波幅中位数；0.1%合并近价位；未使用次日高低价选择参数
2024-04-08,development,note_delta1,6,3,3,3,0,0,0,可达带=当日收盘±近20日真实波幅中位数；0.1%合并近价位；未使用次日高低价选择参数
2024-04-08,development,note_delta2,5,3,3,3,0,0,0,可达带=当日收盘±近20日真实波幅中位数；0.1%合并近价位；未使用次日高低价选择参数
2024-04-09,development,note_delta1,4,3,0,0,3,0,3,可达带=当日收盘±近20日真实波幅中位数；0.1%合并近价位；未使用次日高低价选择参数
2024-04-09,development,note_delta2,5,3,0,0,3,0,3,可达带=当日收盘±近20日真实波幅中位数；0.1%合并近价位；未使用次日高低价选择参数
2024-04-10,development,note_delta1,6,3,2,2,1,0,1,可达带=当日收盘±近20日真实波幅中位数；0.1%合并近价位；未使用次日高低价选择参数
2024-04-10,development,note_delta2,6,3,2,2,1,0,1,可达带=当日收盘±近20日真实波幅中位数；0.1%合并近价位；未使用次日高低价选择参数
2024-04-11,development,note_delta1,5,3,0,0,3,0,3,可达带=当日收盘±近20日真实波幅中位数；0.1%合并近价位；未使用次日高低价选择参数
2024-04-11,development,note_delta2,6,3,0,0,3,0,3,可达带=当日收盘±近20日真实波幅中位数；0.1%合并近价位；未使用次日高低价选择参数
2024-04-12,development,note_delta1,5,3,0,0,3,0,3,可达带=当日收盘±近20日真实波幅中位数；0.1%合并近价位；未使用次日高低价选择参数
2024-04-12,development,note_delta2,4,3,0,0,3,0,3,可达带=当日收盘±近20日真实波幅中位数；0.1%合并近价位；未使用次日高低价选择参数
2024-04-15,development,note_delta1,4,3,3,3,0,0,0,可达带=当日收盘±近20日真实波幅中位数；0.1%合并近价位；未使用次日高低价选择参数
2024-04-15,development,note_delta2,4,3,3,3,0,0,0,可达带=当日收盘±近20日真实波幅中位数；0.1%合并近价位；未使用次日高低价选择参数
2024-04-16,development,note_delta1,6,3,2,2,1,0,1,可达带=当日收盘±近20日真实波幅中位数；0.1%合并近价位；未使用次日高低价选择参数
2024-04-16,development,note_delta2,6,3,3,3,0,0,0,可达带=当日收盘±近20日真实波幅中位数；0.1%合并近价位；未使用次日高低价选择参数
2024-04-17,development,note_delta1,6,4,2,2,2,0,2,可达带=当日收盘±近20日真实波幅中位数；0.1%合并近价位；未使用次日高低价选择参数
2024-04-17,development,note_delta2,6,4,3,3,1,0,1,可达带=当日收盘±近20日真实波幅中位数；0.1%合并近价位；未使用次日高低价选择参数
2024-04-18,development,note_delta1,6,3,1,1,2,0,2,可达带=当日收盘±近20日真实波幅中位数；0.1%合并近价位；未使用次日高低价选择参数
2024-04-18,development,note_delta2,6,4,1,1,3,0,3,可达带=当日收盘±近20日真实波幅中位数；0.1%合并近价位；未使用次日高低价选择参数
2024-04-19,development,note_delta1,6,3,0,0,3,0,3,可达带=当日收盘±近20日真实波幅中位数；0.1%合并近价位；未使用次日高低价选择参数
2024-04-19,development,note_delta2,6,3,0,0,3,0,3,可达带=当日收盘±近20日真实波幅中位数；0.1%合并近价位；未使用次日高低价选择参数
2024-04-22,development,note_delta1,6,3,0,0,3,0,3,可达带=当日收盘±近20日真实波幅中位数；0.1%合并近价位；未使用次日高低价选择参数
2024-04-22,development,note_delta2,6,3,1,1,2,0,2,可达带=当日收盘±近20日真实波幅中位数；0.1%合并近价位；未使用次日高低价选择参数
2024-04-23,development,note_delta1,5,5,1,1,4,0,4,可达带=当日收盘±近20日真实波幅中位数；0.1%合并近价位；未使用次日高低价选择参数
2024-04-23,development,note_delta2,6,6,2,2,4,0,4,可达带=当日收盘±近20日真实波幅中位数；0.1%合并近价位；未使用次日高低价选择参数
2024-04-24,development,note_delta1,6,4,1,1,3,0,3,可达带=当日收盘±近20日真实波幅中位数；0.1%合并近价位；未使用次日高低价选择参数
2024-04-24,development,note_delta2,6,0,0,0,0,0,0,可达带=当日收盘±近20日真实波幅中位数；0.1%合并近价位；未使用次日高低价选择参数
2024-04-25,development,note_delta1,6,5,1,1,4,0,4,可达带=当日收盘±近20日真实波幅中位数；0.1%合并近价位；未使用次日高低价选择参数
2024-04-25,development,note_delta2,6,5,0,0,5,0,5,可达带=当日收盘±近20日真实波幅中位数；0.1%合并近价位；未使用次日高低价选择参数
2024-04-26,development,note_delta1,6,4,1,1,3,0,3,可达带=当日收盘±近20日真实波幅中位数；0.1%合并近价位；未使用次日高低价选择参数
2024-04-26,development,note_delta2,5,4,1,1,3,0,3,可达带=当日收盘±近20日真实波幅中位数；0.1%合并近价位；未使用次日高低价选择参数
2024-04-29,development,note_delta1,6,4,1,1,3,0,3,可达带=当日收盘±近20日真实波幅中位数；0.1%合并近价位；未使用次日高低价选择参数
2024-04-29,development,note_delta2,6,5,2,2,3,0,3,可达带=当日收盘±近20日真实波幅中位数；0.1%合并近价位；未使用次日高低价选择参数
2024-04-30,development,note_delta1,6,4,2,2,2,0,2,可达带=当日收盘±近20日真实波幅中位数；0.1%合并近价位；未使用次日高低价选择参数
2024-04-30,development,note_delta2,6,2,1,1,1,0,1,可达带=当日收盘±近20日真实波幅中位数；0.1%合并近价位；未使用次日高低价选择参数
2024-05-06,development,note_delta1,6,4,3,3,1,0,1,可达带=当日收盘±近20日真实波幅中位数；0.1%合并近价位；未使用次日高低价选择参数
2024-05-06,development,note_delta2,6,3,2,2,1,0,1,可达带=当日收盘±近20日真实波幅中位数；0.1%合并近价位；未使用次日高低价选择参数
2024-05-07,development,note_delta1,6,2,0,0,2,0,2,可达带=当日收盘±近20日真实波幅中位数；0.1%合并近价位；未使用次日高低价选择参数
2024-05-07,development,note_delta2,6,2,0,0,2,0,2,可达带=当日收盘±近20日真实波幅中位数；0.1%合并近价位；未使用次日高低价选择参数
2024-05-08,development,note_delta1,4,1,0,0,1,0,1,可达带=当日收盘±近20日真实波幅中位数；0.1%合并近价位；未使用次日高低价选择参数
2024-05-08,development,note_delta2,6,3,0,0,3,0,3,可达带=当日收盘±近20日真实波幅中位数；0.1%合并近价位；未使用次日高低价选择参数
2024-05-09,development,note_delta1,6,3,3,3,0,0,0,可达带=当日收盘±近20日真实波幅中位数；0.1%合并近价位；未使用次日高低价选择参数
2024-05-09,development,note_delta2,6,3,3,3,0,0,0,可达带=当日收盘±近20日真实波幅中位数；0.1%合并近价位；未使用次日高低价选择参数
2024-05-10,development,note_delta1,6,3,2,2,1,0,1,可达带=当日收盘±近20日真实波幅中位数；0.1%合并近价位；未使用次日高低价选择参数
2024-05-10,development,note_delta2,6,3,2,2,1,0,1,可达带=当日收盘±近20日真实波幅中位数；0.1%合并近价位；未使用次日高低价选择参数
2024-05-13,development,note_delta1,6,3,3,3,0,0,0,可达带=当日收盘±近20日真实波幅中位数；0.1%合并近价位；未使用次日高低价选择参数
2024-05-13,development,note_delta2,6,3,3,3,0,0,0,可达带=当日收盘±近20日真实波幅中位数；0.1%合并近价位；未使用次日高低价选择参数
2024-05-14,development,note_delta1,5,3,3,3,0,0,0,可达带=当日收盘±近20日真实波幅中位数；0.1%合并近价位；未使用次日高低价选择参数
2024-05-14,development,note_delta2,6,3,3,3,0,0,0,可达带=当日收盘±近20日真实波幅中位数；0.1%合并近价位；未使用次日高低价选择参数
2024-05-15,development,note_delta1,6,3,0,0,3,0,3,可达带=当日收盘±近20日真实波幅中位数；0.1%合并近价位；未使用次日高低价选择参数
2024-05-15,development,note_delta2,4,3,0,0,3,0,3,可达带=当日收盘±近20日真实波幅中位数；0.1%合并近价位；未使用次日高低价选择参数
2024-05-16,development,note_delta1,6,3,3,3,0,0,0,可达带=当日收盘±近20日真实波幅中位数；0.1%合并近价位；未使用次日高低价选择参数
2024-05-16,development,note_delta2,6,3,3,3,0,0,0,可达带=当日收盘±近20日真实波幅中位数；0.1%合并近价位；未使用次日高低价选择参数
2024-05-17,development,note_delta1,6,3,2,2,1,0,1,可达带=当日收盘±近20日真实波幅中位数；0.1%合并近价位；未使用次日高低价选择参数
2024-05-17,development,note_delta2,4,1,0,0,1,0,1,可达带=当日收盘±近20日真实波幅中位数；0.1%合并近价位；未使用次日高低价选择参数
2024-05-20,development,note_delta1,6,2,0,0,2,0,2,可达带=当日收盘±近20日真实波幅中位数；0.1%合并近价位；未使用次日高低价选择参数
2024-05-20,development,note_delta2,6,1,0,0,1,0,1,可达带=当日收盘±近20日真实波幅中位数；0.1%合并近价位；未使用次日高低价选择参数
2024-05-21,development,note_delta1,6,3,2,2,1,0,1,可达带=当日收盘±近20日真实波幅中位数；0.1%合并近价位；未使用次日高低价选择参数
2024-05-21,development,note_delta2,6,3,2,2,1,0,1,可达带=当日收盘±近20日真实波幅中位数；0.1%合并近价位；未使用次日高低价选择参数
2024-05-22,development,note_delta1,5,3,2,2,1,0,1,可达带=当日收盘±近20日真实波幅中位数；0.1%合并近价位；未使用次日高低价选择参数
2024-05-22,development,note_delta2,6,3,2,2,1,0,1,可达带=当日收盘±近20日真实波幅中位数；0.1%合并近价位；未使用次日高低价选择参数
2024-05-23,development,note_delta1,6,6,6,6,0,0,0,可达带=当日收盘±近20日真实波幅中位数；0.1%合并近价位；未使用次日高低价选择参数
2024-05-23,development,note_delta2,6,4,6,4,0,2,2,可达带=当日收盘±近20日真实波幅中位数；0.1%合并近价位；未使用次日高低价选择参数
2024-05-24,development,note_delta1,5,5,3,3,2,0,2,可达带=当日收盘±近20日真实波幅中位数；0.1%合并近价位；未使用次日高低价选择参数
2024-05-24,development,note_delta2,6,6,4,4,2,0,2,可达带=当日收盘±近20日真实波幅中位数；0.1%合并近价位；未使用次日高低价选择参数
2024-05-27,development,note_delta1,6,6,6,6,0,0,0,可达带=当日收盘±近20日真实波幅中位数；0.1%合并近价位；未使用次日高低价选择参数
2024-05-27,development,note_delta2,6,6,6,6,0,0,0,可达带=当日收盘±近20日真实波幅中位数；0.1%合并近价位；未使用次日高低价选择参数
2024-05-28,development,note_delta1,4,4,1,1,3,0,3,可达带=当日收盘±近20日真实波幅中位数；0.1%合并近价位；未使用次日高低价选择参数
2024-05-28,development,note_delta2,6,6,2,2,4,0,4,可达带=当日收盘±近20日真实波幅中位数；0.1%合并近价位；未使用次日高低价选择参数
2024-05-29,development,note_delta1,6,6,3,3,3,0,3,可达带=当日收盘±近20日真实波幅中位数；0.1%合并近价位；未使用次日高低价选择参数
2024-05-29,development,note_delta2,6,6,3,3,3,0,3,可达带=当日收盘±近20日真实波幅中位数；0.1%合并近价位；未使用次日高低价选择参数
2024-05-30,development,note_delta1,4,2,2,2,0,0,0,可达带=当日收盘±近20日真实波幅中位数；0.1%合并近价位；未使用次日高低价选择参数
2024-05-30,development,note_delta2,5,3,3,3,0,0,0,可达带=当日收盘±近20日真实波幅中位数；0.1%合并近价位；未使用次日高低价选择参数
2024-05-31,development,note_delta1,4,4,4,4,0,0,0,可达带=当日收盘±近20日真实波幅中位数；0.1%合并近价位；未使用次日高低价选择参数
2024-05-31,development,note_delta2,4,4,3,3,1,0,1,可达带=当日收盘±近20日真实波幅中位数；0.1%合并近价位；未使用次日高低价选择参数
2024-06-03,development,note_delta1,6,5,1,1,4,0,4,可达带=当日收盘±近20日真实波幅中位数；0.1%合并近价位；未使用次日高低价选择参数
2024-06-03,development,note_delta2,6,4,2,2,2,0,2,可达带=当日收盘±近20日真实波幅中位数；0.1%合并近价位；未使用次日高低价选择参数
2024-06-04,development,note_delta1,6,6,2,2,4,0,4,可达带=当日收盘±近20日真实波幅中位数；0.1%合并近价位；未使用次日高低价选择参数
2024-06-04,development,note_delta2,6,5,2,2,3,0,3,可达带=当日收盘±近20日真实波幅中位数；0.1%合并近价位；未使用次日高低价选择参数
2024-06-05,development,note_delta1,6,5,4,4,1,0,1,可达带=当日收盘±近20日真实波幅中位数；0.1%合并近价位；未使用次日高低价选择参数
2024-06-05,development,note_delta2,6,4,3,3,1,0,1,可达带=当日收盘±近20日真实波幅中位数；0.1%合并近价位；未使用次日高低价选择参数
2024-06-06,development,note_delta1,5,4,0,0,4,0,4,可达带=当日收盘±近20日真实波幅中位数；0.1%合并近价位；未使用次日高低价选择参数
2024-06-06,development,note_delta2,6,5,0,0,5,0,5,可达带=当日收盘±近20日真实波幅中位数；0.1%合并近价位；未使用次日高低价选择参数
2024-06-07,development,note_delta1,6,2,0,0,2,0,2,可达带=当日收盘±近20日真实波幅中位数；0.1%合并近价位；未使用次日高低价选择参数
2024-06-07,development,note_delta2,5,1,0,0,1,0,1,可达带=当日收盘±近20日真实波幅中位数；0.1%合并近价位；未使用次日高低价选择参数
2024-06-11,development,note_delta1,6,3,3,3,0,0,0,可达带=当日收盘±近20日真实波幅中位数；0.1%合并近价位；未使用次日高低价选择参数
2024-06-11,development,note_delta2,5,2,0,0,2,0,2,可达带=当日收盘±近20日真实波幅中位数；0.1%合并近价位；未使用次日高低价选择参数
2024-06-12,development,note_delta1,6,3,3,0,3,3,0,可达带=当日收盘±近20日真实波幅中位数；0.1%合并近价位；未使用次日高低价选择参数
2024-06-12,development,note_delta2,4,3,1,0,3,1,2,可达带=当日收盘±近20日真实波幅中位数；0.1%合并近价位；未使用次日高低价选择参数
2024-06-13,development,note_delta1,6,6,3,3,3,0,3,可达带=当日收盘±近20日真实波幅中位数；0.1%合并近价位；未使用次日高低价选择参数
2024-06-13,development,note_delta2,4,4,1,1,3,0,3,可达带=当日收盘±近20日真实波幅中位数；0.1%合并近价位；未使用次日高低价选择参数
2024-06-14,development,note_delta1,6,3,1,1,2,0,2,可达带=当日收盘±近20日真实波幅中位数；0.1%合并近价位；未使用次日高低价选择参数
2024-06-14,development,note_delta2,6,2,0,0,2,0,2,可达带=当日收盘±近20日真实波幅中位数；0.1%合并近价位；未使用次日高低价选择参数
2024-06-17,development,note_delta1,6,4,3,2,2,1,1,可达带=当日收盘±近20日真实波幅中位数；0.1%合并近价位；未使用次日高低价选择参数
2024-06-17,development,note_delta2,6,4,2,1,3,1,2,可达带=当日收盘±近20日真实波幅中位数；0.1%合并近价位；未使用次日高低价选择参数
2024-06-18,development,note_delta1,6,4,2,2,2,0,2,可达带=当日收盘±近20日真实波幅中位数；0.1%合并近价位；未使用次日高低价选择参数
2024-06-18,development,note_delta2,6,4,2,2,2,0,2,可达带=当日收盘±近20日真实波幅中位数；0.1%合并近价位；未使用次日高低价选择参数
2024-06-19,development,note_delta1,6,3,2,2,1,0,1,可达带=当日收盘±近20日真实波幅中位数；0.1%合并近价位；未使用次日高低价选择参数
2024-06-19,development,note_delta2,6,3,1,1,2,0,2,可达带=当日收盘±近20日真实波幅中位数；0.1%合并近价位；未使用次日高低价选择参数
2024-06-20,development,note_delta1,6,1,0,0,1,0,1,可达带=当日收盘±近20日真实波幅中位数；0.1%合并近价位；未使用次日高低价选择参数
2024-06-20,development,note_delta2,6,1,0,0,1,0,1,可达带=当日收盘±近20日真实波幅中位数；0.1%合并近价位；未使用次日高低价选择参数
2024-06-21,development,note_delta1,6,3,1,1,2,0,2,可达带=当日收盘±近20日真实波幅中位数；0.1%合并近价位；未使用次日高低价选择参数
2024-06-21,development,note_delta2,6,1,0,0,1,0,1,可达带=当日收盘±近20日真实波幅中位数；0.1%合并近价位；未使用次日高低价选择参数
2024-06-24,development,note_delta1,6,3,0,0,3,0,3,可达带=当日收盘±近20日真实波幅中位数；0.1%合并近价位；未使用次日高低价选择参数
2024-06-24,development,note_delta2,6,3,0,0,3,0,3,可达带=当日收盘±近20日真实波幅中位数；0.1%合并近价位；未使用次日高低价选择参数
2024-06-25,development,note_delta1,6,3,2,2,1,0,1,可达带=当日收盘±近20日真实波幅中位数；0.1%合并近价位；未使用次日高低价选择参数
2024-06-25,development,note_delta2,6,2,2,2,0,0,0,可达带=当日收盘±近20日真实波幅中位数；0.1%合并近价位；未使用次日高低价选择参数
2024-06-26,development,note_delta1,6,3,2,2,1,0,1,可达带=当日收盘±近20日真实波幅中位数；0.1%合并近价位；未使用次日高低价选择参数
2024-06-26,development,note_delta2,6,3,2,2,1,0,1,可达带=当日收盘±近20日真实波幅中位数；0.1%合并近价位；未使用次日高低价选择参数
2024-06-27,development,note_delta1,5,3,2,2,1,0,1,可达带=当日收盘±近20日真实波幅中位数；0.1%合并近价位；未使用次日高低价选择参数
2024-06-27,development,note_delta2,6,3,3,3,0,0,0,可达带=当日收盘±近20日真实波幅中位数；0.1%合并近价位；未使用次日高低价选择参数
2024-06-28,development,note_delta1,6,3,1,1,2,0,2,可达带=当日收盘±近20日真实波幅中位数；0.1%合并近价位；未使用次日高低价选择参数
2024-06-28,development,note_delta2,5,3,1,1,2,0,2,可达带=当日收盘±近20日真实波幅中位数；0.1%合并近价位；未使用次日高低价选择参数
2024-07-01,development,note_delta1,4,3,0,0,3,0,3,可达带=当日收盘±近20日真实波幅中位数；0.1%合并近价位；未使用次日高低价选择参数
2024-07-01,development,note_delta2,5,1,0,0,1,0,1,可达带=当日收盘±近20日真实波幅中位数；0.1%合并近价位；未使用次日高低价选择参数
2024-07-02,development,note_delta1,6,3,2,2,1,0,1,可达带=当日收盘±近20日真实波幅中位数；0.1%合并近价位；未使用次日高低价选择参数
2024-07-02,development,note_delta2,6,3,3,3,0,0,0,可达带=当日收盘±近20日真实波幅中位数；0.1%合并近价位；未使用次日高低价选择参数
2024-07-03,development,note_delta1,6,3,0,0,3,0,3,可达带=当日收盘±近20日真实波幅中位数；0.1%合并近价位；未使用次日高低价选择参数
2024-07-03,development,note_delta2,6,3,0,0,3,0,3,可达带=当日收盘±近20日真实波幅中位数；0.1%合并近价位；未使用次日高低价选择参数
2024-07-04,development,note_delta1,6,3,3,3,0,0,0,可达带=当日收盘±近20日真实波幅中位数；0.1%合并近价位；未使用次日高低价选择参数
2024-07-04,development,note_delta2,6,3,3,3,0,0,0,可达带=当日收盘±近20日真实波幅中位数；0.1%合并近价位；未使用次日高低价选择参数
2024-07-05,development,note_delta1,6,3,2,2,1,0,1,可达带=当日收盘±近20日真实波幅中位数；0.1%合并近价位；未使用次日高低价选择参数
2024-07-05,development,note_delta2,6,3,2,2,1,0,1,可达带=当日收盘±近20日真实波幅中位数；0.1%合并近价位；未使用次日高低价选择参数
2024-07-08,development,note_delta1,6,3,3,3,0,0,0,可达带=当日收盘±近20日真实波幅中位数；0.1%合并近价位；未使用次日高低价选择参数
2024-07-08,development,note_delta2,5,3,3,3,0,0,0,可达带=当日收盘±近20日真实波幅中位数；0.1%合并近价位；未使用次日高低价选择参数
2024-07-09,development,note_delta1,5,5,1,1,4,0,4,可达带=当日收盘±近20日真实波幅中位数；0.1%合并近价位；未使用次日高低价选择参数
2024-07-09,development,note_delta2,6,6,0,0,6,0,6,可达带=当日收盘±近20日真实波幅中位数；0.1%合并近价位；未使用次日高低价选择参数
2024-07-10,development,note_delta1,6,6,6,6,0,0,0,可达带=当日收盘±近20日真实波幅中位数；0.1%合并近价位；未使用次日高低价选择参数
2024-07-10,development,note_delta2,6,6,6,6,0,0,0,可达带=当日收盘±近20日真实波幅中位数；0.1%合并近价位；未使用次日高低价选择参数
2024-07-11,development,note_delta1,6,6,0,0,6,0,6,可达带=当日收盘±近20日真实波幅中位数；0.1%合并近价位；未使用次日高低价选择参数
2024-07-11,development,note_delta2,5,5,0,0,5,0,5,可达带=当日收盘±近20日真实波幅中位数；0.1%合并近价位；未使用次日高低价选择参数
2024-07-12,development,note_delta1,5,2,0,0,2,0,2,可达带=当日收盘±近20日真实波幅中位数；0.1%合并近价位；未使用次日高低价选择参数
2024-07-12,development,note_delta2,6,4,0,0,4,0,4,可达带=当日收盘±近20日真实波幅中位数；0.1%合并近价位；未使用次日高低价选择参数
2024-07-15,development,note_delta1,5,3,3,3,0,0,0,可达带=当日收盘±近20日真实波幅中位数；0.1%合并近价位；未使用次日高低价选择参数
2024-07-15,development,note_delta2,4,2,2,2,0,0,0,可达带=当日收盘±近20日真实波幅中位数；0.1%合并近价位；未使用次日高低价选择参数
2024-07-16,development,note_delta1,6,3,3,3,0,0,0,可达带=当日收盘±近20日真实波幅中位数；0.1%合并近价位；未使用次日高低价选择参数
2024-07-16,development,note_delta2,4,3,3,3,0,0,0,可达带=当日收盘±近20日真实波幅中位数；0.1%合并近价位；未使用次日高低价选择参数
2024-07-17,development,note_delta1,6,3,1,1,2,0,2,可达带=当日收盘±近20日真实波幅中位数；0.1%合并近价位；未使用次日高低价选择参数
2024-07-17,development,note_delta2,6,3,1,1,2,0,2,可达带=当日收盘±近20日真实波幅中位数；0.1%合并近价位；未使用次日高低价选择参数
2024-07-18,development,note_delta1,5,3,2,2,1,0,1,可达带=当日收盘±近20日真实波幅中位数；0.1%合并近价位；未使用次日高低价选择参数
2024-07-18,development,note_delta2,6,3,2,2,1,0,1,可达带=当日收盘±近20日真实波幅中位数；0.1%合并近价位；未使用次日高低价选择参数
2024-07-19,development,note_delta1,5,3,1,1,2,0,2,可达带=当日收盘±近20日真实波幅中位数；0.1%合并近价位；未使用次日高低价选择参数
2024-07-19,development,note_delta2,4,3,1,1,2,0,2,可达带=当日收盘±近20日真实波幅中位数；0.1%合并近价位；未使用次日高低价选择参数
2024-07-22,development,note_delta1,6,3,3,3,0,0,0,可达带=当日收盘±近20日真实波幅中位数；0.1%合并近价位；未使用次日高低价选择参数
2024-07-22,development,note_delta2,5,3,3,3,0,0,0,可达带=当日收盘±近20日真实波幅中位数；0.1%合并近价位；未使用次日高低价选择参数
2024-07-23,development,note_delta1,6,3,2,2,1,0,1,可达带=当日收盘±近20日真实波幅中位数；0.1%合并近价位；未使用次日高低价选择参数
2024-07-23,development,note_delta2,6,3,3,3,0,0,0,可达带=当日收盘±近20日真实波幅中位数；0.1%合并近价位；未使用次日高低价选择参数
2024-07-24,development,note_delta1,6,3,1,1,2,0,2,可达带=当日收盘±近20日真实波幅中位数；0.1%合并近价位；未使用次日高低价选择参数
2024-07-24,development,note_delta2,6,3,1,1,2,0,2,可达带=当日收盘±近20日真实波幅中位数；0.1%合并近价位；未使用次日高低价选择参数
2024-07-25,development,note_delta1,6,3,1,1,2,0,2,可达带=当日收盘±近20日真实波幅中位数；0.1%合并近价位；未使用次日高低价选择参数
2024-07-25,development,note_delta2,6,3,2,2,1,0,1,可达带=当日收盘±近20日真实波幅中位数；0.1%合并近价位；未使用次日高低价选择参数
2024-07-26,development,note_delta1,6,3,2,2,1,0,1,可达带=当日收盘±近20日真实波幅中位数；0.1%合并近价位；未使用次日高低价选择参数
2024-07-26,development,note_delta2,6,3,2,2,1,0,1,可达带=当日收盘±近20日真实波幅中位数；0.1%合并近价位；未使用次日高低价选择参数
2024-07-29,development,note_delta1,5,3,2,2,1,0,1,可达带=当日收盘±近20日真实波幅中位数；0.1%合并近价位；未使用次日高低价选择参数
2024-07-29,development,note_delta2,6,3,1,1,2,0,2,可达带=当日收盘±近20日真实波幅中位数；0.1%合并近价位；未使用次日高低价选择参数
2024-07-30,development,note_delta1,5,3,3,3,0,0,0,可达带=当日收盘±近20日真实波幅中位数；0.1%合并近价位；未使用次日高低价选择参数
2024-07-30,development,note_delta2,4,3,3,3,0,0,0,可达带=当日收盘±近20日真实波幅中位数；0.1%合并近价位；未使用次日高低价选择参数
2024-07-31,development,note_delta1,5,3,0,0,3,0,3,可达带=当日收盘±近20日真实波幅中位数；0.1%合并近价位；未使用次日高低价选择参数
2024-07-31,development,note_delta2,5,3,0,0,3,0,3,可达带=当日收盘±近20日真实波幅中位数；0.1%合并近价位；未使用次日高低价选择参数
2024-08-01,development,note_delta1,6,3,0,0,3,0,3,可达带=当日收盘±近20日真实波幅中位数；0.1%合并近价位；未使用次日高低价选择参数
2024-08-01,development,note_delta2,6,3,0,0,3,0,3,可达带=当日收盘±近20日真实波幅中位数；0.1%合并近价位；未使用次日高低价选择参数
2024-08-02,development,note_delta1,4,3,0,0,3,0,3,可达带=当日收盘±近20日真实波幅中位数；0.1%合并近价位；未使用次日高低价选择参数
2024-08-02,development,note_delta2,6,0,0,0,0,0,0,可达带=当日收盘±近20日真实波幅中位数；0.1%合并近价位；未使用次日高低价选择参数
2024-08-05,development,note_delta1,6,2,1,1,1,0,1,可达带=当日收盘±近20日真实波幅中位数；0.1%合并近价位；未使用次日高低价选择参数
2024-08-05,development,note_delta2,6,1,2,1,0,1,1,可达带=当日收盘±近20日真实波幅中位数；0.1%合并近价位；未使用次日高低价选择参数
2024-08-06,development,note_delta1,6,3,3,3,0,0,0,可达带=当日收盘±近20日真实波幅中位数；0.1%合并近价位；未使用次日高低价选择参数
2024-08-06,development,note_delta2,6,3,2,2,1,0,1,可达带=当日收盘±近20日真实波幅中位数；0.1%合并近价位；未使用次日高低价选择参数
2024-08-07,development,note_delta1,6,3,2,2,1,0,1,可达带=当日收盘±近20日真实波幅中位数；0.1%合并近价位；未使用次日高低价选择参数
2024-08-07,development,note_delta2,6,3,2,2,1,0,1,可达带=当日收盘±近20日真实波幅中位数；0.1%合并近价位；未使用次日高低价选择参数
2024-08-08,development,note_delta1,6,2,0,0,2,0,2,可达带=当日收盘±近20日真实波幅中位数；0.1%合并近价位；未使用次日高低价选择参数
2024-08-08,development,note_delta2,6,2,0,0,2,0,2,可达带=当日收盘±近20日真实波幅中位数；0.1%合并近价位；未使用次日高低价选择参数
2024-08-09,development,note_delta1,6,3,0,0,3,0,3,可达带=当日收盘±近20日真实波幅中位数；0.1%合并近价位；未使用次日高低价选择参数
2024-08-09,development,note_delta2,6,2,0,0,2,0,2,可达带=当日收盘±近20日真实波幅中位数；0.1%合并近价位；未使用次日高低价选择参数
2024-08-12,development,note_delta1,6,3,2,2,1,0,1,可达带=当日收盘±近20日真实波幅中位数；0.1%合并近价位；未使用次日高低价选择参数
2024-08-12,development,note_delta2,6,3,2,2,1,0,1,可达带=当日收盘±近20日真实波幅中位数；0.1%合并近价位；未使用次日高低价选择参数
2024-08-13,development,note_delta1,6,3,2,2,1,0,1,可达带=当日收盘±近20日真实波幅中位数；0.1%合并近价位；未使用次日高低价选择参数
2024-08-13,development,note_delta2,6,3,3,3,0,0,0,可达带=当日收盘±近20日真实波幅中位数；0.1%合并近价位；未使用次日高低价选择参数
2024-08-14,development,note_delta1,6,3,2,2,1,0,1,可达带=当日收盘±近20日真实波幅中位数；0.1%合并近价位；未使用次日高低价选择参数
2024-08-14,development,note_delta2,6,3,2,2,1,0,1,可达带=当日收盘±近20日真实波幅中位数；0.1%合并近价位；未使用次日高低价选择参数
2024-08-15,development,note_delta1,6,3,2,1,2,1,1,可达带=当日收盘±近20日真实波幅中位数；0.1%合并近价位；未使用次日高低价选择参数
2024-08-15,development,note_delta2,6,3,2,1,2,1,1,可达带=当日收盘±近20日真实波幅中位数；0.1%合并近价位；未使用次日高低价选择参数
2024-08-16,development,note_delta1,6,5,2,2,3,0,3,可达带=当日收盘±近20日真实波幅中位数；0.1%合并近价位；未使用次日高低价选择参数
2024-08-16,development,note_delta2,6,5,3,3,2,0,2,可达带=当日收盘±近20日真实波幅中位数；0.1%合并近价位；未使用次日高低价选择参数
2024-08-19,development,note_delta1,6,6,2,2,4,0,4,可达带=当日收盘±近20日真实波幅中位数；0.1%合并近价位；未使用次日高低价选择参数
2024-08-19,development,note_delta2,6,6,2,2,4,0,4,可达带=当日收盘±近20日真实波幅中位数；0.1%合并近价位；未使用次日高低价选择参数
2024-08-20,development,note_delta1,6,6,3,3,3,0,3,可达带=当日收盘±近20日真实波幅中位数；0.1%合并近价位；未使用次日高低价选择参数
2024-08-20,development,note_delta2,6,6,4,4,2,0,2,可达带=当日收盘±近20日真实波幅中位数；0.1%合并近价位；未使用次日高低价选择参数
2024-08-21,development,note_delta1,6,6,2,2,4,0,4,可达带=当日收盘±近20日真实波幅中位数；0.1%合并近价位；未使用次日高低价选择参数
2024-08-21,development,note_delta2,6,6,3,3,3,0,3,可达带=当日收盘±近20日真实波幅中位数；0.1%合并近价位；未使用次日高低价选择参数
2024-08-22,development,note_delta1,6,4,0,0,4,0,4,可达带=当日收盘±近20日真实波幅中位数；0.1%合并近价位；未使用次日高低价选择参数
2024-08-22,development,note_delta2,6,6,0,0,6,0,6,可达带=当日收盘±近20日真实波幅中位数；0.1%合并近价位；未使用次日高低价选择参数
2024-08-23,development,note_delta1,6,3,3,3,0,0,0,可达带=当日收盘±近20日真实波幅中位数；0.1%合并近价位；未使用次日高低价选择参数
2024-08-23,development,note_delta2,6,3,1,1,2,0,2,可达带=当日收盘±近20日真实波幅中位数；0.1%合并近价位；未使用次日高低价选择参数
2024-08-26,development,note_delta1,6,3,3,3,0,0,0,可达带=当日收盘±近20日真实波幅中位数；0.1%合并近价位；未使用次日高低价选择参数
2024-08-26,development,note_delta2,4,3,3,3,0,0,0,可达带=当日收盘±近20日真实波幅中位数；0.1%合并近价位；未使用次日高低价选择参数
2024-08-27,development,note_delta1,4,3,3,3,0,0,0,可达带=当日收盘±近20日真实波幅中位数；0.1%合并近价位；未使用次日高低价选择参数
2024-08-27,development,note_delta2,6,3,3,3,0,0,0,可达带=当日收盘±近20日真实波幅中位数；0.1%合并近价位；未使用次日高低价选择参数
2024-08-28,development,note_delta1,6,3,0,0,3,0,3,可达带=当日收盘±近20日真实波幅中位数；0.1%合并近价位；未使用次日高低价选择参数
2024-08-28,development,note_delta2,6,3,0,0,3,0,3,可达带=当日收盘±近20日真实波幅中位数；0.1%合并近价位；未使用次日高低价选择参数
2024-08-29,development,note_delta1,6,3,3,3,0,0,0,可达带=当日收盘±近20日真实波幅中位数；0.1%合并近价位；未使用次日高低价选择参数
2024-08-29,development,note_delta2,6,3,3,3,0,0,0,可达带=当日收盘±近20日真实波幅中位数；0.1%合并近价位；未使用次日高低价选择参数
2024-08-30,development,note_delta1,4,3,3,3,0,0,0,可达带=当日收盘±近20日真实波幅中位数；0.1%合并近价位；未使用次日高低价选择参数
2024-08-30,development,note_delta2,6,3,3,3,0,0,0,可达带=当日收盘±近20日真实波幅中位数；0.1%合并近价位；未使用次日高低价选择参数
2024-09-02,development,note_delta1,6,3,1,1,2,0,2,可达带=当日收盘±近20日真实波幅中位数；0.1%合并近价位；未使用次日高低价选择参数
2024-09-02,development,note_delta2,6,3,1,1,2,0,2,可达带=当日收盘±近20日真实波幅中位数；0.1%合并近价位；未使用次日高低价选择参数
2024-09-03,development,note_delta1,6,3,2,2,1,0,1,可达带=当日收盘±近20日真实波幅中位数；0.1%合并近价位；未使用次日高低价选择参数
2024-09-03,development,note_delta2,6,3,2,2,1,0,1,可达带=当日收盘±近20日真实波幅中位数；0.1%合并近价位；未使用次日高低价选择参数
2024-09-04,development,note_delta1,6,3,1,1,2,0,2,可达带=当日收盘±近20日真实波幅中位数；0.1%合并近价位；未使用次日高低价选择参数
2024-09-04,development,note_delta2,6,3,1,1,2,0,2,可达带=当日收盘±近20日真实波幅中位数；0.1%合并近价位；未使用次日高低价选择参数
2024-09-05,development,note_delta1,4,3,3,3,0,0,0,可达带=当日收盘±近20日真实波幅中位数；0.1%合并近价位；未使用次日高低价选择参数
2024-09-05,development,note_delta2,6,3,1,1,2,0,2,可达带=当日收盘±近20日真实波幅中位数；0.1%合并近价位；未使用次日高低价选择参数
2024-09-06,development,note_delta1,6,3,1,1,2,0,2,可达带=当日收盘±近20日真实波幅中位数；0.1%合并近价位；未使用次日高低价选择参数
2024-09-06,development,note_delta2,6,3,2,2,1,0,1,可达带=当日收盘±近20日真实波幅中位数；0.1%合并近价位；未使用次日高低价选择参数
2024-09-09,development,note_delta1,4,3,2,2,1,0,1,可达带=当日收盘±近20日真实波幅中位数；0.1%合并近价位；未使用次日高低价选择参数
2024-09-09,development,note_delta2,5,3,0,0,3,0,3,可达带=当日收盘±近20日真实波幅中位数；0.1%合并近价位；未使用次日高低价选择参数
2024-09-10,development,note_delta1,6,3,0,0,3,0,3,可达带=当日收盘±近20日真实波幅中位数；0.1%合并近价位；未使用次日高低价选择参数
2024-09-10,development,note_delta2,5,3,0,0,3,0,3,可达带=当日收盘±近20日真实波幅中位数；0.1%合并近价位；未使用次日高低价选择参数
2024-09-11,development,note_delta1,5,3,0,0,3,0,3,可达带=当日收盘±近20日真实波幅中位数；0.1%合并近价位；未使用次日高低价选择参数
2024-09-11,development,note_delta2,5,3,0,0,3,0,3,可达带=当日收盘±近20日真实波幅中位数；0.1%合并近价位；未使用次日高低价选择参数
2024-09-12,development,note_delta1,4,3,1,0,3,1,2,可达带=当日收盘±近20日真实波幅中位数；0.1%合并近价位；未使用次日高低价选择参数
2024-09-12,development,note_delta2,4,3,2,1,2,1,1,可达带=当日收盘±近20日真实波幅中位数；0.1%合并近价位；未使用次日高低价选择参数
2024-09-13,development,note_delta1,6,6,2,2,4,0,4,可达带=当日收盘±近20日真实波幅中位数；0.1%合并近价位；未使用次日高低价选择参数
2024-09-13,development,note_delta2,6,6,1,1,5,0,5,可达带=当日收盘±近20日真实波幅中位数；0.1%合并近价位；未使用次日高低价选择参数
2024-09-18,development,note_delta1,4,4,1,1,3,0,3,可达带=当日收盘±近20日真实波幅中位数；0.1%合并近价位；未使用次日高低价选择参数
2024-09-18,development,note_delta2,6,6,1,1,5,0,5,可达带=当日收盘±近20日真实波幅中位数；0.1%合并近价位；未使用次日高低价选择参数
2024-09-19,development,note_delta1,6,4,1,1,3,0,3,可达带=当日收盘±近20日真实波幅中位数；0.1%合并近价位；未使用次日高低价选择参数
2024-09-19,development,note_delta2,6,3,1,1,2,0,2,可达带=当日收盘±近20日真实波幅中位数；0.1%合并近价位；未使用次日高低价选择参数
2024-09-20,development,note_delta1,6,3,0,0,3,0,3,可达带=当日收盘±近20日真实波幅中位数；0.1%合并近价位；未使用次日高低价选择参数
2024-09-20,development,note_delta2,6,3,0,0,3,0,3,可达带=当日收盘±近20日真实波幅中位数；0.1%合并近价位；未使用次日高低价选择参数
2024-09-23,development,note_delta1,4,2,4,2,0,2,2,可达带=当日收盘±近20日真实波幅中位数；0.1%合并近价位；未使用次日高低价选择参数
2024-09-23,development,note_delta2,6,3,6,3,0,3,3,可达带=当日收盘±近20日真实波幅中位数；0.1%合并近价位；未使用次日高低价选择参数
2024-09-24,development,note_delta1,6,5,3,3,2,0,2,可达带=当日收盘±近20日真实波幅中位数；0.1%合并近价位；未使用次日高低价选择参数
2024-09-24,development,note_delta2,6,3,2,2,1,0,1,可达带=当日收盘±近20日真实波幅中位数；0.1%合并近价位；未使用次日高低价选择参数
2024-09-25,development,note_delta1,6,6,3,3,3,0,3,可达带=当日收盘±近20日真实波幅中位数；0.1%合并近价位；未使用次日高低价选择参数
2024-09-25,development,note_delta2,6,6,3,3,3,0,3,可达带=当日收盘±近20日真实波幅中位数；0.1%合并近价位；未使用次日高低价选择参数
2024-09-26,development,note_delta1,6,4,5,4,0,1,1,可达带=当日收盘±近20日真实波幅中位数；0.1%合并近价位；未使用次日高低价选择参数
2024-09-26,development,note_delta2,6,5,5,5,0,0,0,可达带=当日收盘±近20日真实波幅中位数；0.1%合并近价位；未使用次日高低价选择参数
2024-09-27,development,note_delta1,6,5,5,4,1,1,0,可达带=当日收盘±近20日真实波幅中位数；0.1%合并近价位；未使用次日高低价选择参数
2024-09-27,development,note_delta2,6,5,4,3,2,1,1,可达带=当日收盘±近20日真实波幅中位数；0.1%合并近价位；未使用次日高低价选择参数
2024-09-30,development,note_delta1,5,3,1,0,3,1,2,可达带=当日收盘±近20日真实波幅中位数；0.1%合并近价位；未使用次日高低价选择参数
2024-09-30,development,note_delta2,6,3,0,0,3,0,3,可达带=当日收盘±近20日真实波幅中位数；0.1%合并近价位；未使用次日高低价选择参数
2024-10-08,development,note_delta1,6,1,3,1,0,2,2,可达带=当日收盘±近20日真实波幅中位数；0.1%合并近价位；未使用次日高低价选择参数
2024-10-08,development,note_delta2,6,1,3,1,0,2,2,可达带=当日收盘±近20日真实波幅中位数；0.1%合并近价位；未使用次日高低价选择参数
2024-10-09,development,note_delta1,6,2,3,2,0,1,1,可达带=当日收盘±近20日真实波幅中位数；0.1%合并近价位；未使用次日高低价选择参数
2024-10-09,development,note_delta2,6,1,2,1,0,1,1,可达带=当日收盘±近20日真实波幅中位数；0.1%合并近价位；未使用次日高低价选择参数
2024-10-10,development,note_delta1,6,1,2,1,0,1,1,可达带=当日收盘±近20日真实波幅中位数；0.1%合并近价位；未使用次日高低价选择参数
2024-10-10,development,note_delta2,6,1,1,1,0,0,0,可达带=当日收盘±近20日真实波幅中位数；0.1%合并近价位；未使用次日高低价选择参数
2024-10-11,development,note_delta1,6,0,0,0,0,0,0,可达带=当日收盘±近20日真实波幅中位数；0.1%合并近价位；未使用次日高低价选择参数
2024-10-11,development,note_delta2,6,0,0,0,0,0,0,可达带=当日收盘±近20日真实波幅中位数；0.1%合并近价位；未使用次日高低价选择参数
2024-10-14,development,note_delta1,6,1,0,0,1,0,1,可达带=当日收盘±近20日真实波幅中位数；0.1%合并近价位；未使用次日高低价选择参数
2024-10-14,development,note_delta2,6,1,0,0,1,0,1,可达带=当日收盘±近20日真实波幅中位数；0.1%合并近价位；未使用次日高低价选择参数
2024-10-15,development,note_delta1,6,3,1,1,2,0,2,可达带=当日收盘±近20日真实波幅中位数；0.1%合并近价位；未使用次日高低价选择参数
2024-10-15,development,note_delta2,6,3,0,0,3,0,3,可达带=当日收盘±近20日真实波幅中位数；0.1%合并近价位；未使用次日高低价选择参数
2024-10-16,development,note_delta1,6,3,2,2,1,0,1,可达带=当日收盘±近20日真实波幅中位数；0.1%合并近价位；未使用次日高低价选择参数
2024-10-16,development,note_delta2,6,3,2,2,1,0,1,可达带=当日收盘±近20日真实波幅中位数；0.1%合并近价位；未使用次日高低价选择参数
2024-10-17,development,note_delta1,6,3,3,3,0,0,0,可达带=当日收盘±近20日真实波幅中位数；0.1%合并近价位；未使用次日高低价选择参数
2024-10-17,development,note_delta2,6,3,2,2,1,0,1,可达带=当日收盘±近20日真实波幅中位数；0.1%合并近价位；未使用次日高低价选择参数
2024-10-18,development,note_delta1,6,3,3,3,0,0,0,可达带=当日收盘±近20日真实波幅中位数；0.1%合并近价位；未使用次日高低价选择参数
2024-10-18,development,note_delta2,6,3,3,3,0,0,0,可达带=当日收盘±近20日真实波幅中位数；0.1%合并近价位；未使用次日高低价选择参数
2024-10-21,development,note_delta1,6,3,1,1,2,0,2,可达带=当日收盘±近20日真实波幅中位数；0.1%合并近价位；未使用次日高低价选择参数
2024-10-21,development,note_delta2,6,3,3,3,0,0,0,可达带=当日收盘±近20日真实波幅中位数；0.1%合并近价位；未使用次日高低价选择参数
2024-10-22,development,note_delta1,4,1,1,1,0,0,0,可达带=当日收盘±近20日真实波幅中位数；0.1%合并近价位；未使用次日高低价选择参数
2024-10-22,development,note_delta2,6,3,3,3,0,0,0,可达带=当日收盘±近20日真实波幅中位数；0.1%合并近价位；未使用次日高低价选择参数
2024-10-23,development,note_delta1,4,3,3,3,0,0,0,可达带=当日收盘±近20日真实波幅中位数；0.1%合并近价位；未使用次日高低价选择参数
2024-10-23,development,note_delta2,6,3,3,3,0,0,0,可达带=当日收盘±近20日真实波幅中位数；0.1%合并近价位；未使用次日高低价选择参数
2024-10-24,development,note_delta1,6,3,3,3,0,0,0,可达带=当日收盘±近20日真实波幅中位数；0.1%合并近价位；未使用次日高低价选择参数
2024-10-24,development,note_delta2,5,3,3,3,0,0,0,可达带=当日收盘±近20日真实波幅中位数；0.1%合并近价位；未使用次日高低价选择参数
2024-10-25,development,note_delta1,6,3,3,3,0,0,0,可达带=当日收盘±近20日真实波幅中位数；0.1%合并近价位；未使用次日高低价选择参数
2024-10-25,development,note_delta2,5,2,2,2,0,0,0,可达带=当日收盘±近20日真实波幅中位数；0.1%合并近价位；未使用次日高低价选择参数
2024-10-28,development,note_delta1,6,3,0,0,3,0,3,可达带=当日收盘±近20日真实波幅中位数；0.1%合并近价位；未使用次日高低价选择参数
2024-10-28,development,note_delta2,6,3,0,0,3,0,3,可达带=当日收盘±近20日真实波幅中位数；0.1%合并近价位；未使用次日高低价选择参数
2024-10-29,development,note_delta1,6,3,2,2,1,0,1,可达带=当日收盘±近20日真实波幅中位数；0.1%合并近价位；未使用次日高低价选择参数
2024-10-29,development,note_delta2,6,3,2,2,1,0,1,可达带=当日收盘±近20日真实波幅中位数；0.1%合并近价位；未使用次日高低价选择参数
2024-10-30,development,note_delta1,6,3,2,2,1,0,1,可达带=当日收盘±近20日真实波幅中位数；0.1%合并近价位；未使用次日高低价选择参数
2024-10-30,development,note_delta2,6,3,3,3,0,0,0,可达带=当日收盘±近20日真实波幅中位数；0.1%合并近价位；未使用次日高低价选择参数
2024-10-31,development,note_delta1,6,3,3,3,0,0,0,可达带=当日收盘±近20日真实波幅中位数；0.1%合并近价位；未使用次日高低价选择参数
2024-10-31,development,note_delta2,6,3,3,3,0,0,0,可达带=当日收盘±近20日真实波幅中位数；0.1%合并近价位；未使用次日高低价选择参数
2024-11-01,development,note_delta1,6,3,0,0,3,0,3,可达带=当日收盘±近20日真实波幅中位数；0.1%合并近价位；未使用次日高低价选择参数
2024-11-01,development,note_delta2,6,3,0,0,3,0,3,可达带=当日收盘±近20日真实波幅中位数；0.1%合并近价位；未使用次日高低价选择参数
2024-11-04,development,note_delta1,5,3,1,1,2,0,2,可达带=当日收盘±近20日真实波幅中位数；0.1%合并近价位；未使用次日高低价选择参数
2024-11-04,development,note_delta2,6,3,0,0,3,0,3,可达带=当日收盘±近20日真实波幅中位数；0.1%合并近价位；未使用次日高低价选择参数
2024-11-05,development,note_delta1,6,4,3,3,1,0,1,可达带=当日收盘±近20日真实波幅中位数；0.1%合并近价位；未使用次日高低价选择参数
2024-11-05,development,note_delta2,6,3,3,3,0,0,0,可达带=当日收盘±近20日真实波幅中位数；0.1%合并近价位；未使用次日高低价选择参数
2024-11-06,development,note_delta1,6,3,3,3,0,0,0,可达带=当日收盘±近20日真实波幅中位数；0.1%合并近价位；未使用次日高低价选择参数
2024-11-06,development,note_delta2,4,1,1,1,0,0,0,可达带=当日收盘±近20日真实波幅中位数；0.1%合并近价位；未使用次日高低价选择参数
2024-11-07,development,note_delta1,6,3,3,3,0,0,0,可达带=当日收盘±近20日真实波幅中位数；0.1%合并近价位；未使用次日高低价选择参数
2024-11-07,development,note_delta2,5,2,2,2,0,0,0,可达带=当日收盘±近20日真实波幅中位数；0.1%合并近价位；未使用次日高低价选择参数
2024-11-08,development,note_delta1,5,2,2,2,0,0,0,可达带=当日收盘±近20日真实波幅中位数；0.1%合并近价位；未使用次日高低价选择参数
2024-11-08,development,note_delta2,6,3,3,3,0,0,0,可达带=当日收盘±近20日真实波幅中位数；0.1%合并近价位；未使用次日高低价选择参数
2024-11-11,development,note_delta1,6,4,3,3,1,0,1,可达带=当日收盘±近20日真实波幅中位数；0.1%合并近价位；未使用次日高低价选择参数
2024-11-11,development,note_delta2,6,4,3,3,1,0,1,可达带=当日收盘±近20日真实波幅中位数；0.1%合并近价位；未使用次日高低价选择参数
2024-11-12,development,note_delta1,6,3,3,0,3,3,0,可达带=当日收盘±近20日真实波幅中位数；0.1%合并近价位；未使用次日高低价选择参数
2024-11-12,development,note_delta2,4,2,3,1,1,2,1,可达带=当日收盘±近20日真实波幅中位数；0.1%合并近价位；未使用次日高低价选择参数
2024-11-13,development,note_delta1,6,6,2,2,4,0,4,可达带=当日收盘±近20日真实波幅中位数；0.1%合并近价位；未使用次日高低价选择参数
2024-11-13,development,note_delta2,4,4,2,2,2,0,2,可达带=当日收盘±近20日真实波幅中位数；0.1%合并近价位；未使用次日高低价选择参数
2024-11-14,development,note_delta1,5,3,3,3,0,0,0,可达带=当日收盘±近20日真实波幅中位数；0.1%合并近价位；未使用次日高低价选择参数
2024-11-14,development,note_delta2,6,3,2,2,1,0,1,可达带=当日收盘±近20日真实波幅中位数；0.1%合并近价位；未使用次日高低价选择参数
2024-11-15,development,note_delta1,6,3,0,0,3,0,3,可达带=当日收盘±近20日真实波幅中位数；0.1%合并近价位；未使用次日高低价选择参数
2024-11-15,development,note_delta2,6,3,0,0,3,0,3,可达带=当日收盘±近20日真实波幅中位数；0.1%合并近价位；未使用次日高低价选择参数
2024-11-18,development,note_delta1,4,2,2,2,0,0,0,可达带=当日收盘±近20日真实波幅中位数；0.1%合并近价位；未使用次日高低价选择参数
2024-11-18,development,note_delta2,6,2,1,1,1,0,1,可达带=当日收盘±近20日真实波幅中位数；0.1%合并近价位；未使用次日高低价选择参数
2024-11-19,development,note_delta1,6,3,3,3,0,0,0,可达带=当日收盘±近20日真实波幅中位数；0.1%合并近价位；未使用次日高低价选择参数
2024-11-19,development,note_delta2,6,3,3,3,0,0,0,可达带=当日收盘±近20日真实波幅中位数；0.1%合并近价位；未使用次日高低价选择参数
2024-11-20,development,note_delta1,6,2,1,1,1,0,1,可达带=当日收盘±近20日真实波幅中位数；0.1%合并近价位；未使用次日高低价选择参数
2024-11-20,development,note_delta2,6,3,2,2,1,0,1,可达带=当日收盘±近20日真实波幅中位数；0.1%合并近价位；未使用次日高低价选择参数
2024-11-21,development,note_delta1,6,3,2,2,1,0,1,可达带=当日收盘±近20日真实波幅中位数；0.1%合并近价位；未使用次日高低价选择参数
2024-11-21,development,note_delta2,6,3,2,2,1,0,1,可达带=当日收盘±近20日真实波幅中位数；0.1%合并近价位；未使用次日高低价选择参数
2024-11-22,development,note_delta1,6,3,1,1,2,0,2,可达带=当日收盘±近20日真实波幅中位数；0.1%合并近价位；未使用次日高低价选择参数
2024-11-22,development,note_delta2,6,3,2,2,1,0,1,可达带=当日收盘±近20日真实波幅中位数；0.1%合并近价位；未使用次日高低价选择参数
2024-11-25,development,note_delta1,6,3,1,1,2,0,2,可达带=当日收盘±近20日真实波幅中位数；0.1%合并近价位；未使用次日高低价选择参数
2024-11-25,development,note_delta2,6,3,1,1,2,0,2,可达带=当日收盘±近20日真实波幅中位数；0.1%合并近价位；未使用次日高低价选择参数
2024-11-26,development,note_delta1,6,3,2,2,1,0,1,可达带=当日收盘±近20日真实波幅中位数；0.1%合并近价位；未使用次日高低价选择参数
2024-11-26,development,note_delta2,6,3,2,2,1,0,1,可达带=当日收盘±近20日真实波幅中位数；0.1%合并近价位；未使用次日高低价选择参数
2024-11-27,development,note_delta1,6,3,2,2,1,0,1,可达带=当日收盘±近20日真实波幅中位数；0.1%合并近价位；未使用次日高低价选择参数
2024-11-27,development,note_delta2,6,3,2,2,1,0,1,可达带=当日收盘±近20日真实波幅中位数；0.1%合并近价位；未使用次日高低价选择参数
2024-11-28,development,note_delta1,6,3,1,1,2,0,2,可达带=当日收盘±近20日真实波幅中位数；0.1%合并近价位；未使用次日高低价选择参数
2024-11-28,development,note_delta2,6,3,1,1,2,0,2,可达带=当日收盘±近20日真实波幅中位数；0.1%合并近价位；未使用次日高低价选择参数
2024-11-29,development,note_delta1,4,3,0,0,3,0,3,可达带=当日收盘±近20日真实波幅中位数；0.1%合并近价位；未使用次日高低价选择参数
2024-11-29,development,note_delta2,6,3,0,0,3,0,3,可达带=当日收盘±近20日真实波幅中位数；0.1%合并近价位；未使用次日高低价选择参数
2024-12-02,development,note_delta1,6,3,3,3,0,0,0,可达带=当日收盘±近20日真实波幅中位数；0.1%合并近价位；未使用次日高低价选择参数
2024-12-02,development,note_delta2,6,3,2,2,1,0,1,可达带=当日收盘±近20日真实波幅中位数；0.1%合并近价位；未使用次日高低价选择参数
2024-12-03,development,note_delta1,6,3,3,3,0,0,0,可达带=当日收盘±近20日真实波幅中位数；0.1%合并近价位；未使用次日高低价选择参数
2024-12-03,development,note_delta2,6,3,2,2,1,0,1,可达带=当日收盘±近20日真实波幅中位数；0.1%合并近价位；未使用次日高低价选择参数
2024-12-04,development,note_delta1,6,3,0,0,3,0,3,可达带=当日收盘±近20日真实波幅中位数；0.1%合并近价位；未使用次日高低价选择参数
2024-12-04,development,note_delta2,6,3,0,0,3,0,3,可达带=当日收盘±近20日真实波幅中位数；0.1%合并近价位；未使用次日高低价选择参数
2024-12-05,development,note_delta1,6,3,1,1,2,0,2,可达带=当日收盘±近20日真实波幅中位数；0.1%合并近价位；未使用次日高低价选择参数
2024-12-05,development,note_delta2,6,3,2,2,1,0,1,可达带=当日收盘±近20日真实波幅中位数；0.1%合并近价位；未使用次日高低价选择参数
2024-12-06,development,note_delta1,6,3,1,1,2,0,2,可达带=当日收盘±近20日真实波幅中位数；0.1%合并近价位；未使用次日高低价选择参数
2024-12-06,development,note_delta2,6,3,0,0,3,0,3,可达带=当日收盘±近20日真实波幅中位数；0.1%合并近价位；未使用次日高低价选择参数
2024-12-09,development,note_delta1,6,3,3,3,0,0,0,可达带=当日收盘±近20日真实波幅中位数；0.1%合并近价位；未使用次日高低价选择参数
2024-12-09,development,note_delta2,6,3,3,3,0,0,0,可达带=当日收盘±近20日真实波幅中位数；0.1%合并近价位；未使用次日高低价选择参数
2024-12-10,development,note_delta1,6,3,3,3,0,0,0,可达带=当日收盘±近20日真实波幅中位数；0.1%合并近价位；未使用次日高低价选择参数
2024-12-10,development,note_delta2,6,3,3,3,0,0,0,可达带=当日收盘±近20日真实波幅中位数；0.1%合并近价位；未使用次日高低价选择参数
2024-12-11,development,note_delta1,6,6,1,1,5,0,5,可达带=当日收盘±近20日真实波幅中位数；0.1%合并近价位；未使用次日高低价选择参数
2024-12-11,development,note_delta2,6,6,2,2,4,0,4,可达带=当日收盘±近20日真实波幅中位数；0.1%合并近价位；未使用次日高低价选择参数
2024-12-12,development,note_delta1,6,5,1,1,4,0,4,可达带=当日收盘±近20日真实波幅中位数；0.1%合并近价位；未使用次日高低价选择参数
2024-12-12,development,note_delta2,6,3,0,0,3,0,3,可达带=当日收盘±近20日真实波幅中位数；0.1%合并近价位；未使用次日高低价选择参数
2024-12-13,development,note_delta1,6,6,6,6,0,0,0,可达带=当日收盘±近20日真实波幅中位数；0.1%合并近价位；未使用次日高低价选择参数
2024-12-13,development,note_delta2,5,5,5,5,0,0,0,可达带=当日收盘±近20日真实波幅中位数；0.1%合并近价位；未使用次日高低价选择参数
2024-12-16,development,note_delta1,6,6,5,5,1,0,1,可达带=当日收盘±近20日真实波幅中位数；0.1%合并近价位；未使用次日高低价选择参数
2024-12-16,development,note_delta2,6,6,5,5,1,0,1,可达带=当日收盘±近20日真实波幅中位数；0.1%合并近价位；未使用次日高低价选择参数
2024-12-17,development,note_delta1,6,5,1,1,4,0,4,可达带=当日收盘±近20日真实波幅中位数；0.1%合并近价位；未使用次日高低价选择参数
2024-12-17,development,note_delta2,6,5,1,1,4,0,4,可达带=当日收盘±近20日真实波幅中位数；0.1%合并近价位；未使用次日高低价选择参数
2024-12-18,development,note_delta1,6,5,0,0,5,0,5,可达带=当日收盘±近20日真实波幅中位数；0.1%合并近价位；未使用次日高低价选择参数
2024-12-18,development,note_delta2,6,1,0,0,1,0,1,可达带=当日收盘±近20日真实波幅中位数；0.1%合并近价位；未使用次日高低价选择参数
2024-12-19,development,note_delta1,6,3,3,3,0,0,0,可达带=当日收盘±近20日真实波幅中位数；0.1%合并近价位；未使用次日高低价选择参数
2024-12-19,development,note_delta2,6,3,3,3,0,0,0,可达带=当日收盘±近20日真实波幅中位数；0.1%合并近价位；未使用次日高低价选择参数
2024-12-20,development,note_delta1,5,2,0,0,2,0,2,可达带=当日收盘±近20日真实波幅中位数；0.1%合并近价位；未使用次日高低价选择参数
2024-12-20,development,note_delta2,6,3,0,0,3,0,3,可达带=当日收盘±近20日真实波幅中位数；0.1%合并近价位；未使用次日高低价选择参数
2024-12-23,development,note_delta1,4,3,2,2,1,0,1,可达带=当日收盘±近20日真实波幅中位数；0.1%合并近价位；未使用次日高低价选择参数
2024-12-23,development,note_delta2,6,3,0,0,3,0,3,可达带=当日收盘±近20日真实波幅中位数；0.1%合并近价位；未使用次日高低价选择参数
2024-12-24,development,note_delta1,5,3,2,2,1,0,1,可达带=当日收盘±近20日真实波幅中位数；0.1%合并近价位；未使用次日高低价选择参数
2024-12-24,development,note_delta2,4,3,2,2,1,0,1,可达带=当日收盘±近20日真实波幅中位数；0.1%合并近价位；未使用次日高低价选择参数
2024-12-25,development,note_delta1,5,3,3,3,0,0,0,可达带=当日收盘±近20日真实波幅中位数；0.1%合并近价位；未使用次日高低价选择参数
2024-12-25,development,note_delta2,5,3,2,2,1,0,1,可达带=当日收盘±近20日真实波幅中位数；0.1%合并近价位；未使用次日高低价选择参数
2024-12-26,development,note_delta1,4,4,0,0,4,0,4,可达带=当日收盘±近20日真实波幅中位数；0.1%合并近价位；未使用次日高低价选择参数
2024-12-26,development,note_delta2,4,4,0,0,4,0,4,可达带=当日收盘±近20日真实波幅中位数；0.1%合并近价位；未使用次日高低价选择参数
2024-12-27,development,note_delta1,6,6,3,3,3,0,3,可达带=当日收盘±近20日真实波幅中位数；0.1%合并近价位；未使用次日高低价选择参数
2024-12-27,development,note_delta2,4,4,3,3,1,0,1,可达带=当日收盘±近20日真实波幅中位数；0.1%合并近价位；未使用次日高低价选择参数
2024-12-30,development,note_delta1,4,3,0,0,3,0,3,可达带=当日收盘±近20日真实波幅中位数；0.1%合并近价位；未使用次日高低价选择参数
2024-12-30,development,note_delta2,5,3,0,0,3,0,3,可达带=当日收盘±近20日真实波幅中位数；0.1%合并近价位；未使用次日高低价选择参数
2024-12-31,development,note_delta1,6,2,0,0,2,0,2,可达带=当日收盘±近20日真实波幅中位数；0.1%合并近价位；未使用次日高低价选择参数
2024-12-31,development,note_delta2,6,2,0,0,2,0,2,可达带=当日收盘±近20日真实波幅中位数；0.1%合并近价位；未使用次日高低价选择参数
2025-01-02,development,note_delta1,6,2,3,2,0,1,1,可达带=当日收盘±近20日真实波幅中位数；0.1%合并近价位；未使用次日高低价选择参数
2025-01-02,development,note_delta2,6,2,2,2,0,0,0,可达带=当日收盘±近20日真实波幅中位数；0.1%合并近价位；未使用次日高低价选择参数
2025-01-03,development,note_delta1,6,3,1,1,2,0,2,可达带=当日收盘±近20日真实波幅中位数；0.1%合并近价位；未使用次日高低价选择参数
2025-01-03,development,note_delta2,6,3,1,1,2,0,2,可达带=当日收盘±近20日真实波幅中位数；0.1%合并近价位；未使用次日高低价选择参数
2025-01-06,development,note_delta1,5,2,0,0,2,0,2,可达带=当日收盘±近20日真实波幅中位数；0.1%合并近价位；未使用次日高低价选择参数
2025-01-06,development,note_delta2,6,2,0,0,2,0,2,可达带=当日收盘±近20日真实波幅中位数；0.1%合并近价位；未使用次日高低价选择参数
2025-01-07,development,note_delta1,5,2,2,2,0,0,0,可达带=当日收盘±近20日真实波幅中位数；0.1%合并近价位；未使用次日高低价选择参数
2025-01-07,development,note_delta2,4,2,1,1,1,0,1,可达带=当日收盘±近20日真实波幅中位数；0.1%合并近价位；未使用次日高低价选择参数
2025-01-08,development,note_delta1,4,3,0,0,3,0,3,可达带=当日收盘±近20日真实波幅中位数；0.1%合并近价位；未使用次日高低价选择参数
2025-01-08,development,note_delta2,4,2,1,1,1,0,1,可达带=当日收盘±近20日真实波幅中位数；0.1%合并近价位；未使用次日高低价选择参数
2025-01-09,development,note_delta1,6,3,0,0,3,0,3,可达带=当日收盘±近20日真实波幅中位数；0.1%合并近价位；未使用次日高低价选择参数
2025-01-09,development,note_delta2,5,3,0,0,3,0,3,可达带=当日收盘±近20日真实波幅中位数；0.1%合并近价位；未使用次日高低价选择参数
2025-01-10,development,note_delta1,6,3,2,2,1,0,1,可达带=当日收盘±近20日真实波幅中位数；0.1%合并近价位；未使用次日高低价选择参数
2025-01-10,development,note_delta2,6,2,0,0,2,0,2,可达带=当日收盘±近20日真实波幅中位数；0.1%合并近价位；未使用次日高低价选择参数
2025-01-13,development,note_delta1,6,3,3,3,0,0,0,可达带=当日收盘±近20日真实波幅中位数；0.1%合并近价位；未使用次日高低价选择参数
2025-01-13,development,note_delta2,5,3,3,3,0,0,0,可达带=当日收盘±近20日真实波幅中位数；0.1%合并近价位；未使用次日高低价选择参数
2025-01-14,development,note_delta1,6,3,2,2,1,0,1,可达带=当日收盘±近20日真实波幅中位数；0.1%合并近价位；未使用次日高低价选择参数
2025-01-14,development,note_delta2,6,3,2,2,1,0,1,可达带=当日收盘±近20日真实波幅中位数；0.1%合并近价位；未使用次日高低价选择参数
2025-01-15,development,note_delta1,6,3,0,0,3,0,3,可达带=当日收盘±近20日真实波幅中位数；0.1%合并近价位；未使用次日高低价选择参数
2025-01-15,development,note_delta2,6,3,0,0,3,0,3,可达带=当日收盘±近20日真实波幅中位数；0.1%合并近价位；未使用次日高低价选择参数
2025-01-16,development,note_delta1,6,3,0,0,3,0,3,可达带=当日收盘±近20日真实波幅中位数；0.1%合并近价位；未使用次日高低价选择参数
2025-01-16,development,note_delta2,6,0,0,0,0,0,0,可达带=当日收盘±近20日真实波幅中位数；0.1%合并近价位；未使用次日高低价选择参数
2025-01-17,development,note_delta1,6,3,3,1,2,2,0,可达带=当日收盘±近20日真实波幅中位数；0.1%合并近价位；未使用次日高低价选择参数
2025-01-17,development,note_delta2,6,3,2,0,3,2,1,可达带=当日收盘±近20日真实波幅中位数；0.1%合并近价位；未使用次日高低价选择参数
2025-01-20,development,note_delta1,6,6,0,0,6,0,6,可达带=当日收盘±近20日真实波幅中位数；0.1%合并近价位；未使用次日高低价选择参数
2025-01-20,development,note_delta2,6,5,0,0,5,0,5,可达带=当日收盘±近20日真实波幅中位数；0.1%合并近价位；未使用次日高低价选择参数
2025-01-21,development,note_delta1,5,4,1,1,3,0,3,可达带=当日收盘±近20日真实波幅中位数；0.1%合并近价位；未使用次日高低价选择参数
2025-01-21,development,note_delta2,6,5,0,0,5,0,5,可达带=当日收盘±近20日真实波幅中位数；0.1%合并近价位；未使用次日高低价选择参数
2025-01-22,development,note_delta1,6,4,2,2,2,0,2,可达带=当日收盘±近20日真实波幅中位数；0.1%合并近价位；未使用次日高低价选择参数
2025-01-22,development,note_delta2,6,5,4,4,1,0,1,可达带=当日收盘±近20日真实波幅中位数；0.1%合并近价位；未使用次日高低价选择参数
2025-01-23,development,note_delta1,6,4,1,1,3,0,3,可达带=当日收盘±近20日真实波幅中位数；0.1%合并近价位；未使用次日高低价选择参数
2025-01-23,development,note_delta2,6,3,1,1,2,0,2,可达带=当日收盘±近20日真实波幅中位数；0.1%合并近价位；未使用次日高低价选择参数
2025-01-24,development,note_delta1,6,2,0,0,2,0,2,可达带=当日收盘±近20日真实波幅中位数；0.1%合并近价位；未使用次日高低价选择参数
2025-01-24,development,note_delta2,6,1,0,0,1,0,1,可达带=当日收盘±近20日真实波幅中位数；0.1%合并近价位；未使用次日高低价选择参数
2025-01-27,development,note_delta1,6,0,0,0,0,0,0,可达带=当日收盘±近20日真实波幅中位数；0.1%合并近价位；未使用次日高低价选择参数
2025-01-27,development,note_delta2,6,0,0,0,0,0,0,可达带=当日收盘±近20日真实波幅中位数；0.1%合并近价位；未使用次日高低价选择参数
2025-02-05,development,note_delta1,6,0,0,0,0,0,0,可达带=当日收盘±近20日真实波幅中位数；0.1%合并近价位；未使用次日高低价选择参数
2025-02-05,development,note_delta2,6,0,0,0,0,0,0,可达带=当日收盘±近20日真实波幅中位数；0.1%合并近价位；未使用次日高低价选择参数
2025-02-06,development,note_delta1,6,1,1,0,1,1,0,可达带=当日收盘±近20日真实波幅中位数；0.1%合并近价位；未使用次日高低价选择参数
2025-02-06,development,note_delta2,6,2,2,1,1,1,0,可达带=当日收盘±近20日真实波幅中位数；0.1%合并近价位；未使用次日高低价选择参数
2025-02-07,development,note_delta1,4,2,1,1,1,0,1,可达带=当日收盘±近20日真实波幅中位数；0.1%合并近价位；未使用次日高低价选择参数
2025-02-07,development,note_delta2,6,1,0,0,1,0,1,可达带=当日收盘±近20日真实波幅中位数；0.1%合并近价位；未使用次日高低价选择参数
2025-02-10,development,note_delta1,4,1,0,0,1,0,1,可达带=当日收盘±近20日真实波幅中位数；0.1%合并近价位；未使用次日高低价选择参数
2025-02-10,development,note_delta2,4,0,0,0,0,0,0,可达带=当日收盘±近20日真实波幅中位数；0.1%合并近价位；未使用次日高低价选择参数
2025-02-11,development,note_delta1,4,0,0,0,0,0,0,可达带=当日收盘±近20日真实波幅中位数；0.1%合并近价位；未使用次日高低价选择参数
2025-02-11,development,note_delta2,4,0,0,0,0,0,0,可达带=当日收盘±近20日真实波幅中位数；0.1%合并近价位；未使用次日高低价选择参数
2025-02-12,development,note_delta1,6,3,0,0,3,0,3,可达带=当日收盘±近20日真实波幅中位数；0.1%合并近价位；未使用次日高低价选择参数
2025-02-12,development,note_delta2,5,3,3,3,0,0,0,可达带=当日收盘±近20日真实波幅中位数；0.1%合并近价位；未使用次日高低价选择参数
2025-02-13,development,note_delta1,4,3,0,0,3,0,3,可达带=当日收盘±近20日真实波幅中位数；0.1%合并近价位；未使用次日高低价选择参数
2025-02-13,development,note_delta2,5,1,0,0,1,0,1,可达带=当日收盘±近20日真实波幅中位数；0.1%合并近价位；未使用次日高低价选择参数
2025-02-14,development,note_delta1,5,3,2,2,1,0,1,可达带=当日收盘±近20日真实波幅中位数；0.1%合并近价位；未使用次日高低价选择参数
2025-02-14,development,note_delta2,2,1,1,1,0,0,0,可达带=当日收盘±近20日真实波幅中位数；0.1%合并近价位；未使用次日高低价选择参数
2025-02-17,development,note_delta1,6,2,0,0,2,0,2,可达带=当日收盘±近20日真实波幅中位数；0.1%合并近价位；未使用次日高低价选择参数
2025-02-17,development,note_delta2,6,0,0,0,0,0,0,可达带=当日收盘±近20日真实波幅中位数；0.1%合并近价位；未使用次日高低价选择参数
2025-02-18,development,note_delta1,6,3,2,2,1,0,1,可达带=当日收盘±近20日真实波幅中位数；0.1%合并近价位；未使用次日高低价选择参数
2025-02-18,development,note_delta2,6,3,2,2,1,0,1,可达带=当日收盘±近20日真实波幅中位数；0.1%合并近价位；未使用次日高低价选择参数
2025-02-19,development,note_delta1,6,3,2,2,1,0,1,可达带=当日收盘±近20日真实波幅中位数；0.1%合并近价位；未使用次日高低价选择参数
2025-02-19,development,note_delta2,6,3,2,2,1,0,1,可达带=当日收盘±近20日真实波幅中位数；0.1%合并近价位；未使用次日高低价选择参数
2025-02-20,development,note_delta1,4,3,2,2,1,0,1,可达带=当日收盘±近20日真实波幅中位数；0.1%合并近价位；未使用次日高低价选择参数
2025-02-20,development,note_delta2,5,3,3,3,0,0,0,可达带=当日收盘±近20日真实波幅中位数；0.1%合并近价位；未使用次日高低价选择参数
2025-02-21,development,note_delta1,5,2,0,0,2,0,2,可达带=当日收盘±近20日真实波幅中位数；0.1%合并近价位；未使用次日高低价选择参数
2025-02-21,development,note_delta2,4,2,0,0,2,0,2,可达带=当日收盘±近20日真实波幅中位数；0.1%合并近价位；未使用次日高低价选择参数
2025-02-24,development,note_delta1,4,3,0,0,3,0,3,可达带=当日收盘±近20日真实波幅中位数；0.1%合并近价位；未使用次日高低价选择参数
2025-02-24,development,note_delta2,4,3,0,0,3,0,3,可达带=当日收盘±近20日真实波幅中位数；0.1%合并近价位；未使用次日高低价选择参数
2025-02-25,development,note_delta1,6,3,2,2,1,0,1,可达带=当日收盘±近20日真实波幅中位数；0.1%合并近价位；未使用次日高低价选择参数
2025-02-25,development,note_delta2,6,3,2,2,1,0,1,可达带=当日收盘±近20日真实波幅中位数；0.1%合并近价位；未使用次日高低价选择参数
2025-02-26,development,note_delta1,6,3,3,3,0,0,0,可达带=当日收盘±近20日真实波幅中位数；0.1%合并近价位；未使用次日高低价选择参数
2025-02-26,development,note_delta2,6,3,3,3,0,0,0,可达带=当日收盘±近20日真实波幅中位数；0.1%合并近价位；未使用次日高低价选择参数
2025-02-27,development,note_delta1,6,3,0,0,3,0,3,可达带=当日收盘±近20日真实波幅中位数；0.1%合并近价位；未使用次日高低价选择参数
2025-02-27,development,note_delta2,6,3,0,0,3,0,3,可达带=当日收盘±近20日真实波幅中位数；0.1%合并近价位；未使用次日高低价选择参数
2025-02-28,development,note_delta1,6,2,1,1,1,0,1,可达带=当日收盘±近20日真实波幅中位数；0.1%合并近价位；未使用次日高低价选择参数
2025-02-28,development,note_delta2,6,2,0,0,2,0,2,可达带=当日收盘±近20日真实波幅中位数；0.1%合并近价位；未使用次日高低价选择参数
2025-03-03,development,note_delta1,6,2,1,1,1,0,1,可达带=当日收盘±近20日真实波幅中位数；0.1%合并近价位；未使用次日高低价选择参数
2025-03-03,development,note_delta2,6,2,1,1,1,0,1,可达带=当日收盘±近20日真实波幅中位数；0.1%合并近价位；未使用次日高低价选择参数
2025-03-04,development,note_delta1,6,3,0,0,3,0,3,可达带=当日收盘±近20日真实波幅中位数；0.1%合并近价位；未使用次日高低价选择参数
2025-03-04,development,note_delta2,6,3,0,0,3,0,3,可达带=当日收盘±近20日真实波幅中位数；0.1%合并近价位；未使用次日高低价选择参数
2025-03-05,development,note_delta1,6,2,0,0,2,0,2,可达带=当日收盘±近20日真实波幅中位数；0.1%合并近价位；未使用次日高低价选择参数
2025-03-05,development,note_delta2,4,2,1,1,1,0,1,可达带=当日收盘±近20日真实波幅中位数；0.1%合并近价位；未使用次日高低价选择参数
2025-03-06,development,note_delta1,6,1,0,0,1,0,1,可达带=当日收盘±近20日真实波幅中位数；0.1%合并近价位；未使用次日高低价选择参数
2025-03-06,development,note_delta2,6,1,0,0,1,0,1,可达带=当日收盘±近20日真实波幅中位数；0.1%合并近价位；未使用次日高低价选择参数
2025-03-07,development,note_delta1,6,3,2,2,1,0,1,可达带=当日收盘±近20日真实波幅中位数；0.1%合并近价位；未使用次日高低价选择参数
2025-03-07,development,note_delta2,6,3,1,1,2,0,2,可达带=当日收盘±近20日真实波幅中位数；0.1%合并近价位；未使用次日高低价选择参数
2025-03-10,development,note_delta1,6,3,0,0,3,0,3,可达带=当日收盘±近20日真实波幅中位数；0.1%合并近价位；未使用次日高低价选择参数
2025-03-10,development,note_delta2,3,2,2,2,0,0,0,可达带=当日收盘±近20日真实波幅中位数；0.1%合并近价位；未使用次日高低价选择参数
2025-03-11,development,note_delta1,6,3,3,3,0,0,0,可达带=当日收盘±近20日真实波幅中位数；0.1%合并近价位；未使用次日高低价选择参数
2025-03-11,development,note_delta2,6,3,3,3,0,0,0,可达带=当日收盘±近20日真实波幅中位数；0.1%合并近价位；未使用次日高低价选择参数
2025-03-12,development,note_delta1,5,2,2,2,0,0,0,可达带=当日收盘±近20日真实波幅中位数；0.1%合并近价位；未使用次日高低价选择参数
2025-03-12,development,note_delta2,5,2,2,2,0,0,0,可达带=当日收盘±近20日真实波幅中位数；0.1%合并近价位；未使用次日高低价选择参数
2025-03-13,development,note_delta1,6,3,3,3,0,0,0,可达带=当日收盘±近20日真实波幅中位数；0.1%合并近价位；未使用次日高低价选择参数
2025-03-13,development,note_delta2,6,3,3,3,0,0,0,可达带=当日收盘±近20日真实波幅中位数；0.1%合并近价位；未使用次日高低价选择参数
2025-03-14,development,note_delta1,6,3,2,2,1,0,1,可达带=当日收盘±近20日真实波幅中位数；0.1%合并近价位；未使用次日高低价选择参数
2025-03-14,development,note_delta2,6,3,0,0,3,0,3,可达带=当日收盘±近20日真实波幅中位数；0.1%合并近价位；未使用次日高低价选择参数
2025-03-17,development,note_delta1,6,3,3,3,0,0,0,可达带=当日收盘±近20日真实波幅中位数；0.1%合并近价位；未使用次日高低价选择参数
2025-03-17,development,note_delta2,6,3,3,3,0,0,0,可达带=当日收盘±近20日真实波幅中位数；0.1%合并近价位；未使用次日高低价选择参数
2025-03-18,development,note_delta1,6,2,3,2,0,1,1,可达带=当日收盘±近20日真实波幅中位数；0.1%合并近价位；未使用次日高低价选择参数
2025-03-18,development,note_delta2,6,0,2,0,0,2,2,可达带=当日收盘±近20日真实波幅中位数；0.1%合并近价位；未使用次日高低价选择参数
2025-03-19,development,note_delta1,6,3,2,2,1,0,1,可达带=当日收盘±近20日真实波幅中位数；0.1%合并近价位；未使用次日高低价选择参数
2025-03-19,development,note_delta2,6,3,2,2,1,0,1,可达带=当日收盘±近20日真实波幅中位数；0.1%合并近价位；未使用次日高低价选择参数
2025-03-20,development,note_delta1,6,3,1,1,2,0,2,可达带=当日收盘±近20日真实波幅中位数；0.1%合并近价位；未使用次日高低价选择参数
2025-03-20,development,note_delta2,6,3,1,1,2,0,2,可达带=当日收盘±近20日真实波幅中位数；0.1%合并近价位；未使用次日高低价选择参数
2025-03-21,development,note_delta1,5,3,3,3,0,0,0,可达带=当日收盘±近20日真实波幅中位数；0.1%合并近价位；未使用次日高低价选择参数
2025-03-21,development,note_delta2,6,1,2,1,0,1,1,可达带=当日收盘±近20日真实波幅中位数；0.1%合并近价位；未使用次日高低价选择参数
2025-03-24,development,note_delta1,6,4,4,4,0,0,0,可达带=当日收盘±近20日真实波幅中位数；0.1%合并近价位；未使用次日高低价选择参数
2025-03-24,development,note_delta2,6,5,5,5,0,0,0,可达带=当日收盘±近20日真实波幅中位数；0.1%合并近价位；未使用次日高低价选择参数
2025-03-25,development,note_delta1,6,5,1,1,4,0,4,可达带=当日收盘±近20日真实波幅中位数；0.1%合并近价位；未使用次日高低价选择参数
2025-03-25,development,note_delta2,6,5,3,3,2,0,2,可达带=当日收盘±近20日真实波幅中位数；0.1%合并近价位；未使用次日高低价选择参数
2025-03-26,development,note_delta1,5,4,1,1,3,0,3,可达带=当日收盘±近20日真实波幅中位数；0.1%合并近价位；未使用次日高低价选择参数
2025-03-26,development,note_delta2,6,6,3,3,3,0,3,可达带=当日收盘±近20日真实波幅中位数；0.1%合并近价位；未使用次日高低价选择参数
2025-03-27,development,note_delta1,6,6,5,5,1,0,1,可达带=当日收盘±近20日真实波幅中位数；0.1%合并近价位；未使用次日高低价选择参数
2025-03-27,development,note_delta2,6,6,4,4,2,0,2,可达带=当日收盘±近20日真实波幅中位数；0.1%合并近价位；未使用次日高低价选择参数
2025-03-28,development,note_delta1,2,1,1,1,0,0,0,可达带=当日收盘±近20日真实波幅中位数；0.1%合并近价位；未使用次日高低价选择参数
2025-03-28,development,note_delta2,6,5,4,4,1,0,1,可达带=当日收盘±近20日真实波幅中位数；0.1%合并近价位；未使用次日高低价选择参数
2025-03-31,development,note_delta1,6,6,2,2,4,0,4,可达带=当日收盘±近20日真实波幅中位数；0.1%合并近价位；未使用次日高低价选择参数
2025-03-31,development,note_delta2,4,4,3,3,1,0,1,可达带=当日收盘±近20日真实波幅中位数；0.1%合并近价位；未使用次日高低价选择参数
2025-04-01,development,note_delta1,5,3,1,0,3,1,2,可达带=当日收盘±近20日真实波幅中位数；0.1%合并近价位；未使用次日高低价选择参数
2025-04-01,development,note_delta2,5,3,1,0,3,1,2,可达带=当日收盘±近20日真实波幅中位数；0.1%合并近价位；未使用次日高低价选择参数
2025-04-02,development,note_delta1,6,6,0,0,6,0,6,可达带=当日收盘±近20日真实波幅中位数；0.1%合并近价位；未使用次日高低价选择参数
2025-04-02,development,note_delta2,4,4,0,0,4,0,4,可达带=当日收盘±近20日真实波幅中位数；0.1%合并近价位；未使用次日高低价选择参数
2025-04-03,development,note_delta1,5,3,0,0,3,0,3,可达带=当日收盘±近20日真实波幅中位数；0.1%合并近价位；未使用次日高低价选择参数
2025-04-03,development,note_delta2,5,2,0,0,2,0,2,可达带=当日收盘±近20日真实波幅中位数；0.1%合并近价位；未使用次日高低价选择参数
2025-04-07,development,note_delta1,6,0,0,0,0,0,0,可达带=当日收盘±近20日真实波幅中位数；0.1%合并近价位；未使用次日高低价选择参数
2025-04-07,development,note_delta2,6,0,0,0,0,0,0,可达带=当日收盘±近20日真实波幅中位数；0.1%合并近价位；未使用次日高低价选择参数
2025-04-08,development,note_delta1,6,1,1,1,0,0,0,可达带=当日收盘±近20日真实波幅中位数；0.1%合并近价位；未使用次日高低价选择参数
2025-04-08,development,note_delta2,6,1,0,0,1,0,1,可达带=当日收盘±近20日真实波幅中位数；0.1%合并近价位；未使用次日高低价选择参数
2025-04-09,development,note_delta1,6,1,0,0,1,0,1,可达带=当日收盘±近20日真实波幅中位数；0.1%合并近价位；未使用次日高低价选择参数
2025-04-09,development,note_delta2,6,1,0,0,1,0,1,可达带=当日收盘±近20日真实波幅中位数；0.1%合并近价位；未使用次日高低价选择参数
2025-04-10,development,note_delta1,6,1,0,0,1,0,1,可达带=当日收盘±近20日真实波幅中位数；0.1%合并近价位；未使用次日高低价选择参数
2025-04-10,development,note_delta2,6,0,0,0,0,0,0,可达带=当日收盘±近20日真实波幅中位数；0.1%合并近价位；未使用次日高低价选择参数
2025-04-11,development,note_delta1,6,0,0,0,0,0,0,可达带=当日收盘±近20日真实波幅中位数；0.1%合并近价位；未使用次日高低价选择参数
2025-04-11,development,note_delta2,6,0,0,0,0,0,0,可达带=当日收盘±近20日真实波幅中位数；0.1%合并近价位；未使用次日高低价选择参数
2025-04-14,development,note_delta1,5,3,2,2,1,0,1,可达带=当日收盘±近20日真实波幅中位数；0.1%合并近价位；未使用次日高低价选择参数
2025-04-14,development,note_delta2,5,0,0,0,0,0,0,可达带=当日收盘±近20日真实波幅中位数；0.1%合并近价位；未使用次日高低价选择参数
2025-04-15,development,note_delta1,6,3,0,0,3,0,3,可达带=当日收盘±近20日真实波幅中位数；0.1%合并近价位；未使用次日高低价选择参数
2025-04-15,development,note_delta2,6,3,0,0,3,0,3,可达带=当日收盘±近20日真实波幅中位数；0.1%合并近价位；未使用次日高低价选择参数
2025-04-16,development,note_delta1,6,2,0,0,2,0,2,可达带=当日收盘±近20日真实波幅中位数；0.1%合并近价位；未使用次日高低价选择参数
2025-04-16,development,note_delta2,6,1,0,0,1,0,1,可达带=当日收盘±近20日真实波幅中位数；0.1%合并近价位；未使用次日高低价选择参数
2025-04-17,development,note_delta1,6,3,3,3,0,0,0,可达带=当日收盘±近20日真实波幅中位数；0.1%合并近价位；未使用次日高低价选择参数
2025-04-17,development,note_delta2,6,3,2,2,1,0,1,可达带=当日收盘±近20日真实波幅中位数；0.1%合并近价位；未使用次日高低价选择参数
2025-04-18,development,note_delta1,4,1,0,0,1,0,1,可达带=当日收盘±近20日真实波幅中位数；0.1%合并近价位；未使用次日高低价选择参数
2025-04-18,development,note_delta2,6,3,0,0,3,0,3,可达带=当日收盘±近20日真实波幅中位数；0.1%合并近价位；未使用次日高低价选择参数
2025-04-21,development,note_delta1,6,3,0,0,3,0,3,可达带=当日收盘±近20日真实波幅中位数；0.1%合并近价位；未使用次日高低价选择参数
2025-04-21,development,note_delta2,6,3,0,0,3,0,3,可达带=当日收盘±近20日真实波幅中位数；0.1%合并近价位；未使用次日高低价选择参数
2025-04-22,development,note_delta1,6,3,0,0,3,0,3,可达带=当日收盘±近20日真实波幅中位数；0.1%合并近价位；未使用次日高低价选择参数
2025-04-22,development,note_delta2,6,3,0,0,3,0,3,可达带=当日收盘±近20日真实波幅中位数；0.1%合并近价位；未使用次日高低价选择参数
2025-04-23,development,note_delta1,6,2,1,1,1,0,1,可达带=当日收盘±近20日真实波幅中位数；0.1%合并近价位；未使用次日高低价选择参数
2025-04-23,development,note_delta2,6,1,0,0,1,0,1,可达带=当日收盘±近20日真实波幅中位数；0.1%合并近价位；未使用次日高低价选择参数
2025-04-24,development,note_delta1,6,3,1,1,2,0,2,可达带=当日收盘±近20日真实波幅中位数；0.1%合并近价位；未使用次日高低价选择参数
2025-04-24,development,note_delta2,6,3,1,1,2,0,2,可达带=当日收盘±近20日真实波幅中位数；0.1%合并近价位；未使用次日高低价选择参数
2025-04-25,development,note_delta1,4,3,2,2,1,0,1,可达带=当日收盘±近20日真实波幅中位数；0.1%合并近价位；未使用次日高低价选择参数
2025-04-25,development,note_delta2,6,3,2,2,1,0,1,可达带=当日收盘±近20日真实波幅中位数；0.1%合并近价位；未使用次日高低价选择参数
2025-04-28,development,note_delta1,6,3,1,1,2,0,2,可达带=当日收盘±近20日真实波幅中位数；0.1%合并近价位；未使用次日高低价选择参数
2025-04-28,development,note_delta2,6,2,0,0,2,0,2,可达带=当日收盘±近20日真实波幅中位数；0.1%合并近价位；未使用次日高低价选择参数
2025-04-29,development,note_delta1,6,1,0,0,1,0,1,可达带=当日收盘±近20日真实波幅中位数；0.1%合并近价位；未使用次日高低价选择参数
2025-04-29,development,note_delta2,6,1,0,0,1,0,1,可达带=当日收盘±近20日真实波幅中位数；0.1%合并近价位；未使用次日高低价选择参数
2025-04-30,development,note_delta1,6,3,0,0,3,0,3,可达带=当日收盘±近20日真实波幅中位数；0.1%合并近价位；未使用次日高低价选择参数
2025-04-30,development,note_delta2,6,3,2,2,1,0,1,可达带=当日收盘±近20日真实波幅中位数；0.1%合并近价位；未使用次日高低价选择参数
2025-05-06,development,note_delta1,6,6,4,4,2,0,2,可达带=当日收盘±近20日真实波幅中位数；0.1%合并近价位；未使用次日高低价选择参数
2025-05-06,development,note_delta2,6,6,2,2,4,0,4,可达带=当日收盘±近20日真实波幅中位数；0.1%合并近价位；未使用次日高低价选择参数
2025-05-07,development,note_delta1,6,3,3,0,3,3,0,可达带=当日收盘±近20日真实波幅中位数；0.1%合并近价位；未使用次日高低价选择参数
2025-05-07,development,note_delta2,6,6,3,3,3,0,3,可达带=当日收盘±近20日真实波幅中位数；0.1%合并近价位；未使用次日高低价选择参数
2025-05-08,development,note_delta1,6,2,1,1,1,0,1,可达带=当日收盘±近20日真实波幅中位数；0.1%合并近价位；未使用次日高低价选择参数
2025-05-08,development,note_delta2,6,3,2,2,1,0,1,可达带=当日收盘±近20日真实波幅中位数；0.1%合并近价位；未使用次日高低价选择参数
2025-05-09,development,note_delta1,6,3,3,2,1,1,0,可达带=当日收盘±近20日真实波幅中位数；0.1%合并近价位；未使用次日高低价选择参数
2025-05-09,development,note_delta2,6,3,2,2,1,0,1,可达带=当日收盘±近20日真实波幅中位数；0.1%合并近价位；未使用次日高低价选择参数
2025-05-12,development,note_delta1,6,3,3,2,1,1,0,可达带=当日收盘±近20日真实波幅中位数；0.1%合并近价位；未使用次日高低价选择参数
2025-05-12,development,note_delta2,6,3,3,2,1,1,0,可达带=当日收盘±近20日真实波幅中位数；0.1%合并近价位；未使用次日高低价选择参数
2025-05-13,development,note_delta1,6,3,3,1,2,2,0,可达带=当日收盘±近20日真实波幅中位数；0.1%合并近价位；未使用次日高低价选择参数
2025-05-13,development,note_delta2,6,3,3,1,2,2,0,可达带=当日收盘±近20日真实波幅中位数；0.1%合并近价位；未使用次日高低价选择参数
2025-05-14,development,note_delta1,6,2,1,1,1,0,1,可达带=当日收盘±近20日真实波幅中位数；0.1%合并近价位；未使用次日高低价选择参数
2025-05-14,development,note_delta2,6,2,1,1,1,0,1,可达带=当日收盘±近20日真实波幅中位数；0.1%合并近价位；未使用次日高低价选择参数
2025-05-15,development,note_delta1,6,3,3,3,0,0,0,可达带=当日收盘±近20日真实波幅中位数；0.1%合并近价位；未使用次日高低价选择参数
2025-05-15,development,note_delta2,6,1,2,1,0,1,1,可达带=当日收盘±近20日真实波幅中位数；0.1%合并近价位；未使用次日高低价选择参数
2025-05-16,development,note_delta1,6,3,1,1,2,0,2,可达带=当日收盘±近20日真实波幅中位数；0.1%合并近价位；未使用次日高低价选择参数
2025-05-16,development,note_delta2,6,3,1,1,2,0,2,可达带=当日收盘±近20日真实波幅中位数；0.1%合并近价位；未使用次日高低价选择参数
2025-05-19,development,note_delta1,6,3,1,1,2,0,2,可达带=当日收盘±近20日真实波幅中位数；0.1%合并近价位；未使用次日高低价选择参数
2025-05-19,development,note_delta2,6,2,0,0,2,0,2,可达带=当日收盘±近20日真实波幅中位数；0.1%合并近价位；未使用次日高低价选择参数
2025-05-20,development,note_delta1,6,3,3,3,0,0,0,可达带=当日收盘±近20日真实波幅中位数；0.1%合并近价位；未使用次日高低价选择参数
2025-05-20,development,note_delta2,6,3,2,2,1,0,1,可达带=当日收盘±近20日真实波幅中位数；0.1%合并近价位；未使用次日高低价选择参数
2025-05-21,development,note_delta1,6,3,3,3,0,0,0,可达带=当日收盘±近20日真实波幅中位数；0.1%合并近价位；未使用次日高低价选择参数
2025-05-21,development,note_delta2,6,3,3,3,0,0,0,可达带=当日收盘±近20日真实波幅中位数；0.1%合并近价位；未使用次日高低价选择参数
2025-05-22,development,note_delta1,6,3,3,3,0,0,0,可达带=当日收盘±近20日真实波幅中位数；0.1%合并近价位；未使用次日高低价选择参数
2025-05-22,development,note_delta2,4,1,1,1,0,0,0,可达带=当日收盘±近20日真实波幅中位数；0.1%合并近价位；未使用次日高低价选择参数
2025-05-23,development,note_delta1,5,3,3,3,0,0,0,可达带=当日收盘±近20日真实波幅中位数；0.1%合并近价位；未使用次日高低价选择参数
2025-05-23,development,note_delta2,5,2,2,2,0,0,0,可达带=当日收盘±近20日真实波幅中位数；0.1%合并近价位；未使用次日高低价选择参数
2025-05-26,development,note_delta1,4,1,0,0,1,0,1,可达带=当日收盘±近20日真实波幅中位数；0.1%合并近价位；未使用次日高低价选择参数
2025-05-26,development,note_delta2,6,3,0,0,3,0,3,可达带=当日收盘±近20日真实波幅中位数；0.1%合并近价位；未使用次日高低价选择参数
2025-05-27,development,note_delta1,6,3,2,2,1,0,1,可达带=当日收盘±近20日真实波幅中位数；0.1%合并近价位；未使用次日高低价选择参数
2025-05-27,development,note_delta2,6,3,3,3,0,0,0,可达带=当日收盘±近20日真实波幅中位数；0.1%合并近价位；未使用次日高低价选择参数
2025-05-28,development,note_delta1,6,3,0,0,3,0,3,可达带=当日收盘±近20日真实波幅中位数；0.1%合并近价位；未使用次日高低价选择参数
2025-05-28,development,note_delta2,6,3,0,0,3,0,3,可达带=当日收盘±近20日真实波幅中位数；0.1%合并近价位；未使用次日高低价选择参数
2025-05-29,development,note_delta1,6,3,2,2,1,0,1,可达带=当日收盘±近20日真实波幅中位数；0.1%合并近价位；未使用次日高低价选择参数
2025-05-29,development,note_delta2,6,3,1,1,2,0,2,可达带=当日收盘±近20日真实波幅中位数；0.1%合并近价位；未使用次日高低价选择参数
2025-05-30,development,note_delta1,5,3,2,2,1,0,1,可达带=当日收盘±近20日真实波幅中位数；0.1%合并近价位；未使用次日高低价选择参数
2025-05-30,development,note_delta2,6,3,2,2,1,0,1,可达带=当日收盘±近20日真实波幅中位数；0.1%合并近价位；未使用次日高低价选择参数
2025-06-03,development,note_delta1,6,4,3,1,3,2,1,可达带=当日收盘±近20日真实波幅中位数；0.1%合并近价位；未使用次日高低价选择参数
2025-06-03,development,note_delta2,6,3,3,0,3,3,0,可达带=当日收盘±近20日真实波幅中位数；0.1%合并近价位；未使用次日高低价选择参数
2025-06-04,development,note_delta1,5,5,4,4,1,0,1,可达带=当日收盘±近20日真实波幅中位数；0.1%合并近价位；未使用次日高低价选择参数
2025-06-04,development,note_delta2,6,6,1,1,5,0,5,可达带=当日收盘±近20日真实波幅中位数；0.1%合并近价位；未使用次日高低价选择参数
2025-06-05,development,note_delta1,6,6,3,3,3,0,3,可达带=当日收盘±近20日真实波幅中位数；0.1%合并近价位；未使用次日高低价选择参数
2025-06-05,development,note_delta2,6,6,2,2,4,0,4,可达带=当日收盘±近20日真实波幅中位数；0.1%合并近价位；未使用次日高低价选择参数
2025-06-06,development,note_delta1,6,4,2,2,2,0,2,可达带=当日收盘±近20日真实波幅中位数；0.1%合并近价位；未使用次日高低价选择参数
2025-06-06,development,note_delta2,5,4,3,3,1,0,1,可达带=当日收盘±近20日真实波幅中位数；0.1%合并近价位；未使用次日高低价选择参数
2025-06-09,development,note_delta1,6,5,2,2,3,0,3,可达带=当日收盘±近20日真实波幅中位数；0.1%合并近价位；未使用次日高低价选择参数
2025-06-09,development,note_delta2,6,5,2,2,3,0,3,可达带=当日收盘±近20日真实波幅中位数；0.1%合并近价位；未使用次日高低价选择参数
2025-06-10,development,note_delta1,6,3,1,1,2,0,2,可达带=当日收盘±近20日真实波幅中位数；0.1%合并近价位；未使用次日高低价选择参数
2025-06-10,development,note_delta2,6,3,1,1,2,0,2,可达带=当日收盘±近20日真实波幅中位数；0.1%合并近价位；未使用次日高低价选择参数
2025-06-11,development,note_delta1,6,2,4,2,0,2,2,可达带=当日收盘±近20日真实波幅中位数；0.1%合并近价位；未使用次日高低价选择参数
2025-06-11,development,note_delta2,6,1,3,1,0,2,2,可达带=当日收盘±近20日真实波幅中位数；0.1%合并近价位；未使用次日高低价选择参数
2025-06-12,development,note_delta1,6,3,3,3,0,0,0,可达带=当日收盘±近20日真实波幅中位数；0.1%合并近价位；未使用次日高低价选择参数
2025-06-12,development,note_delta2,6,3,3,3,0,0,0,可达带=当日收盘±近20日真实波幅中位数；0.1%合并近价位；未使用次日高低价选择参数
2025-06-13,development,note_delta1,5,2,4,2,0,2,2,可达带=当日收盘±近20日真实波幅中位数；0.1%合并近价位；未使用次日高低价选择参数
2025-06-13,development,note_delta2,6,3,5,3,0,2,2,可达带=当日收盘±近20日真实波幅中位数；0.1%合并近价位；未使用次日高低价选择参数
2025-06-16,development,note_delta1,6,3,0,0,3,0,3,可达带=当日收盘±近20日真实波幅中位数；0.1%合并近价位；未使用次日高低价选择参数
2025-06-16,development,note_delta2,6,2,0,0,2,0,2,可达带=当日收盘±近20日真实波幅中位数；0.1%合并近价位；未使用次日高低价选择参数
2025-06-17,development,note_delta1,6,3,3,2,1,1,0,可达带=当日收盘±近20日真实波幅中位数；0.1%合并近价位；未使用次日高低价选择参数
2025-06-17,development,note_delta2,6,3,3,2,1,1,0,可达带=当日收盘±近20日真实波幅中位数；0.1%合并近价位；未使用次日高低价选择参数
2025-06-18,development,note_delta1,6,4,2,2,2,0,2,可达带=当日收盘±近20日真实波幅中位数；0.1%合并近价位；未使用次日高低价选择参数
2025-06-18,development,note_delta2,6,3,1,1,2,0,2,可达带=当日收盘±近20日真实波幅中位数；0.1%合并近价位；未使用次日高低价选择参数
2025-06-19,development,note_delta1,6,3,2,2,1,0,1,可达带=当日收盘±近20日真实波幅中位数；0.1%合并近价位；未使用次日高低价选择参数
2025-06-19,development,note_delta2,6,3,2,2,1,0,1,可达带=当日收盘±近20日真实波幅中位数；0.1%合并近价位；未使用次日高低价选择参数
2025-06-20,development,note_delta1,6,2,0,0,2,0,2,可达带=当日收盘±近20日真实波幅中位数；0.1%合并近价位；未使用次日高低价选择参数
2025-06-20,development,note_delta2,6,2,0,0,2,0,2,可达带=当日收盘±近20日真实波幅中位数；0.1%合并近价位；未使用次日高低价选择参数
2025-06-23,development,note_delta1,6,3,0,0,3,0,3,可达带=当日收盘±近20日真实波幅中位数；0.1%合并近价位；未使用次日高低价选择参数
2025-06-23,development,note_delta2,6,2,0,0,2,0,2,可达带=当日收盘±近20日真实波幅中位数；0.1%合并近价位；未使用次日高低价选择参数
2025-06-24,development,note_delta1,5,2,2,2,0,0,0,可达带=当日收盘±近20日真实波幅中位数；0.1%合并近价位；未使用次日高低价选择参数
2025-06-24,development,note_delta2,4,1,1,1,0,0,0,可达带=当日收盘±近20日真实波幅中位数；0.1%合并近价位；未使用次日高低价选择参数
2025-06-25,development,note_delta1,4,3,1,0,3,1,2,可达带=当日收盘±近20日真实波幅中位数；0.1%合并近价位；未使用次日高低价选择参数
2025-06-25,development,note_delta2,6,3,1,0,3,1,2,可达带=当日收盘±近20日真实波幅中位数；0.1%合并近价位；未使用次日高低价选择参数
2025-06-26,development,note_delta1,6,3,3,1,2,2,0,可达带=当日收盘±近20日真实波幅中位数；0.1%合并近价位；未使用次日高低价选择参数
2025-06-26,development,note_delta2,6,3,3,3,0,0,0,可达带=当日收盘±近20日真实波幅中位数；0.1%合并近价位；未使用次日高低价选择参数
2025-06-27,development,note_delta1,6,4,2,2,2,0,2,可达带=当日收盘±近20日真实波幅中位数；0.1%合并近价位；未使用次日高低价选择参数
2025-06-27,development,note_delta2,6,3,3,3,0,0,0,可达带=当日收盘±近20日真实波幅中位数；0.1%合并近价位；未使用次日高低价选择参数
2025-06-30,development,note_delta1,6,4,2,2,2,0,2,可达带=当日收盘±近20日真实波幅中位数；0.1%合并近价位；未使用次日高低价选择参数
2025-06-30,development,note_delta2,6,4,2,2,2,0,2,可达带=当日收盘±近20日真实波幅中位数；0.1%合并近价位；未使用次日高低价选择参数
2025-07-01,development,note_delta1,4,3,1,1,2,0,2,可达带=当日收盘±近20日真实波幅中位数；0.1%合并近价位；未使用次日高低价选择参数
2025-07-01,development,note_delta2,6,4,1,1,3,0,3,可达带=当日收盘±近20日真实波幅中位数；0.1%合并近价位；未使用次日高低价选择参数
2025-07-02,development,note_delta1,6,3,3,3,0,0,0,可达带=当日收盘±近20日真实波幅中位数；0.1%合并近价位；未使用次日高低价选择参数
2025-07-02,development,note_delta2,5,1,3,1,0,2,2,可达带=当日收盘±近20日真实波幅中位数；0.1%合并近价位；未使用次日高低价选择参数
2025-07-03,development,note_delta1,5,3,2,2,1,0,1,可达带=当日收盘±近20日真实波幅中位数；0.1%合并近价位；未使用次日高低价选择参数
2025-07-03,development,note_delta2,6,4,2,2,2,0,2,可达带=当日收盘±近20日真实波幅中位数；0.1%合并近价位；未使用次日高低价选择参数
2025-07-04,development,note_delta1,6,3,1,1,2,0,2,可达带=当日收盘±近20日真实波幅中位数；0.1%合并近价位；未使用次日高低价选择参数
2025-07-04,development,note_delta2,6,3,0,0,3,0,3,可达带=当日收盘±近20日真实波幅中位数；0.1%合并近价位；未使用次日高低价选择参数
2025-07-07,development,note_delta1,5,2,2,2,0,0,0,可达带=当日收盘±近20日真实波幅中位数；0.1%合并近价位；未使用次日高低价选择参数
2025-07-07,development,note_delta2,6,3,3,3,0,0,0,可达带=当日收盘±近20日真实波幅中位数；0.1%合并近价位；未使用次日高低价选择参数
2025-07-08,development,note_delta1,6,4,0,0,4,0,4,可达带=当日收盘±近20日真实波幅中位数；0.1%合并近价位；未使用次日高低价选择参数
2025-07-08,development,note_delta2,6,4,0,0,4,0,4,可达带=当日收盘±近20日真实波幅中位数；0.1%合并近价位；未使用次日高低价选择参数
2025-07-09,development,note_delta1,6,3,3,3,0,0,0,可达带=当日收盘±近20日真实波幅中位数；0.1%合并近价位；未使用次日高低价选择参数
2025-07-09,development,note_delta2,6,3,3,3,0,0,0,可达带=当日收盘±近20日真实波幅中位数；0.1%合并近价位；未使用次日高低价选择参数
2025-07-10,development,note_delta1,6,3,3,3,0,0,0,可达带=当日收盘±近20日真实波幅中位数；0.1%合并近价位；未使用次日高低价选择参数
2025-07-10,development,note_delta2,6,3,1,1,2,0,2,可达带=当日收盘±近20日真实波幅中位数；0.1%合并近价位；未使用次日高低价选择参数
2025-07-11,development,note_delta1,6,3,1,1,2,0,2,可达带=当日收盘±近20日真实波幅中位数；0.1%合并近价位；未使用次日高低价选择参数
2025-07-11,development,note_delta2,6,3,1,1,2,0,2,可达带=当日收盘±近20日真实波幅中位数；0.1%合并近价位；未使用次日高低价选择参数
2025-07-14,development,note_delta1,6,3,0,0,3,0,3,可达带=当日收盘±近20日真实波幅中位数；0.1%合并近价位；未使用次日高低价选择参数
2025-07-14,development,note_delta2,6,3,0,0,3,0,3,可达带=当日收盘±近20日真实波幅中位数；0.1%合并近价位；未使用次日高低价选择参数
2025-07-15,development,note_delta1,6,2,2,1,1,1,0,可达带=当日收盘±近20日真实波幅中位数；0.1%合并近价位；未使用次日高低价选择参数
2025-07-15,development,note_delta2,6,3,0,0,3,0,3,可达带=当日收盘±近20日真实波幅中位数；0.1%合并近价位；未使用次日高低价选择参数
2025-07-16,development,note_delta1,6,2,1,0,2,1,1,可达带=当日收盘±近20日真实波幅中位数；0.1%合并近价位；未使用次日高低价选择参数
2025-07-16,development,note_delta2,6,2,2,1,1,1,0,可达带=当日收盘±近20日真实波幅中位数；0.1%合并近价位；未使用次日高低价选择参数
2025-07-17,development,note_delta1,6,2,2,2,0,0,0,可达带=当日收盘±近20日真实波幅中位数；0.1%合并近价位；未使用次日高低价选择参数
2025-07-17,development,note_delta2,6,2,1,0,2,1,1,可达带=当日收盘±近20日真实波幅中位数；0.1%合并近价位；未使用次日高低价选择参数
2025-07-18,development,note_delta1,6,2,3,2,0,1,1,可达带=当日收盘±近20日真实波幅中位数；0.1%合并近价位；未使用次日高低价选择参数
2025-07-18,development,note_delta2,6,2,2,1,1,1,0,可达带=当日收盘±近20日真实波幅中位数；0.1%合并近价位；未使用次日高低价选择参数
2025-07-21,development,note_delta1,6,1,1,1,0,0,0,可达带=当日收盘±近20日真实波幅中位数；0.1%合并近价位；未使用次日高低价选择参数
2025-07-21,development,note_delta2,6,1,1,1,0,0,0,可达带=当日收盘±近20日真实波幅中位数；0.1%合并近价位；未使用次日高低价选择参数
2025-07-22,development,note_delta1,6,1,0,0,1,0,1,可达带=当日收盘±近20日真实波幅中位数；0.1%合并近价位；未使用次日高低价选择参数
2025-07-22,development,note_delta2,6,0,0,0,0,0,0,可达带=当日收盘±近20日真实波幅中位数；0.1%合并近价位；未使用次日高低价选择参数
2025-07-23,development,note_delta1,6,3,0,0,3,0,3,可达带=当日收盘±近20日真实波幅中位数；0.1%合并近价位；未使用次日高低价选择参数
2025-07-23,development,note_delta2,6,1,0,0,1,0,1,可达带=当日收盘±近20日真实波幅中位数；0.1%合并近价位；未使用次日高低价选择参数
2025-07-24,development,note_delta1,6,3,2,2,1,0,1,可达带=当日收盘±近20日真实波幅中位数；0.1%合并近价位；未使用次日高低价选择参数
2025-07-24,development,note_delta2,6,3,2,2,1,0,1,可达带=当日收盘±近20日真实波幅中位数；0.1%合并近价位；未使用次日高低价选择参数
2025-07-25,development,note_delta1,6,3,2,2,1,0,1,可达带=当日收盘±近20日真实波幅中位数；0.1%合并近价位；未使用次日高低价选择参数
2025-07-25,development,note_delta2,6,3,2,2,1,0,1,可达带=当日收盘±近20日真实波幅中位数；0.1%合并近价位；未使用次日高低价选择参数
2025-07-28,development,note_delta1,5,2,0,0,2,0,2,可达带=当日收盘±近20日真实波幅中位数；0.1%合并近价位；未使用次日高低价选择参数
2025-07-28,development,note_delta2,6,3,0,0,3,0,3,可达带=当日收盘±近20日真实波幅中位数；0.1%合并近价位；未使用次日高低价选择参数
2025-07-29,development,note_delta1,6,2,2,2,0,0,0,可达带=当日收盘±近20日真实波幅中位数；0.1%合并近价位；未使用次日高低价选择参数
2025-07-29,development,note_delta2,6,0,0,0,0,0,0,可达带=当日收盘±近20日真实波幅中位数；0.1%合并近价位；未使用次日高低价选择参数
2025-07-30,development,note_delta1,6,3,1,1,2,0,2,可达带=当日收盘±近20日真实波幅中位数；0.1%合并近价位；未使用次日高低价选择参数
2025-07-30,development,note_delta2,6,3,1,1,2,0,2,可达带=当日收盘±近20日真实波幅中位数；0.1%合并近价位；未使用次日高低价选择参数
2025-07-31,development,note_delta1,6,3,2,2,1,0,1,可达带=当日收盘±近20日真实波幅中位数；0.1%合并近价位；未使用次日高低价选择参数
2025-07-31,development,note_delta2,6,3,2,2,1,0,1,可达带=当日收盘±近20日真实波幅中位数；0.1%合并近价位；未使用次日高低价选择参数
2025-08-01,development,note_delta1,6,2,0,0,2,0,2,可达带=当日收盘±近20日真实波幅中位数；0.1%合并近价位；未使用次日高低价选择参数
2025-08-01,development,note_delta2,6,2,0,0,2,0,2,可达带=当日收盘±近20日真实波幅中位数；0.1%合并近价位；未使用次日高低价选择参数
2025-08-04,development,note_delta1,4,3,1,1,2,0,2,可达带=当日收盘±近20日真实波幅中位数；0.1%合并近价位；未使用次日高低价选择参数
2025-08-04,development,note_delta2,6,3,1,1,2,0,2,可达带=当日收盘±近20日真实波幅中位数；0.1%合并近价位；未使用次日高低价选择参数
2025-08-05,development,note_delta1,4,3,3,3,0,0,0,可达带=当日收盘±近20日真实波幅中位数；0.1%合并近价位；未使用次日高低价选择参数
2025-08-05,development,note_delta2,4,3,3,3,0,0,0,可达带=当日收盘±近20日真实波幅中位数；0.1%合并近价位；未使用次日高低价选择参数
2025-08-06,development,note_delta1,5,3,3,3,0,0,0,可达带=当日收盘±近20日真实波幅中位数；0.1%合并近价位；未使用次日高低价选择参数
2025-08-06,development,note_delta2,4,3,3,3,0,0,0,可达带=当日收盘±近20日真实波幅中位数；0.1%合并近价位；未使用次日高低价选择参数
2025-08-07,development,note_delta1,6,3,2,2,1,0,1,可达带=当日收盘±近20日真实波幅中位数；0.1%合并近价位；未使用次日高低价选择参数
2025-08-07,development,note_delta2,6,3,3,3,0,0,0,可达带=当日收盘±近20日真实波幅中位数；0.1%合并近价位；未使用次日高低价选择参数
2025-08-08,development,note_delta1,5,3,4,3,0,1,1,可达带=当日收盘±近20日真实波幅中位数；0.1%合并近价位；未使用次日高低价选择参数
2025-08-08,development,note_delta2,6,3,3,2,1,1,0,可达带=当日收盘±近20日真实波幅中位数；0.1%合并近价位；未使用次日高低价选择参数
2025-08-11,development,note_delta1,6,5,0,0,5,0,5,可达带=当日收盘±近20日真实波幅中位数；0.1%合并近价位；未使用次日高低价选择参数
2025-08-11,development,note_delta2,6,5,0,0,5,0,5,可达带=当日收盘±近20日真实波幅中位数；0.1%合并近价位；未使用次日高低价选择参数
2025-08-12,development,note_delta1,6,6,1,1,5,0,5,可达带=当日收盘±近20日真实波幅中位数；0.1%合并近价位；未使用次日高低价选择参数
2025-08-12,development,note_delta2,6,4,0,0,4,0,4,可达带=当日收盘±近20日真实波幅中位数；0.1%合并近价位；未使用次日高低价选择参数
2025-08-13,development,note_delta1,6,3,0,0,3,0,3,可达带=当日收盘±近20日真实波幅中位数；0.1%合并近价位；未使用次日高低价选择参数
2025-08-13,development,note_delta2,6,2,1,1,1,0,1,可达带=当日收盘±近20日真实波幅中位数；0.1%合并近价位；未使用次日高低价选择参数
2025-08-14,development,note_delta1,6,4,2,2,2,0,2,可达带=当日收盘±近20日真实波幅中位数；0.1%合并近价位；未使用次日高低价选择参数
2025-08-14,development,note_delta2,6,3,2,2,1,0,1,可达带=当日收盘±近20日真实波幅中位数；0.1%合并近价位；未使用次日高低价选择参数
2025-08-15,development,note_delta1,6,3,5,3,0,2,2,可达带=当日收盘±近20日真实波幅中位数；0.1%合并近价位；未使用次日高低价选择参数
2025-08-15,development,note_delta2,6,3,5,3,0,2,2,可达带=当日收盘±近20日真实波幅中位数；0.1%合并近价位；未使用次日高低价选择参数
2025-08-18,development,note_delta1,6,3,4,2,1,2,1,可达带=当日收盘±近20日真实波幅中位数；0.1%合并近价位；未使用次日高低价选择参数
2025-08-18,development,note_delta2,6,3,4,2,1,2,1,可达带=当日收盘±近20日真实波幅中位数；0.1%合并近价位；未使用次日高低价选择参数
2025-08-19,development,note_delta1,5,3,1,1,2,0,2,可达带=当日收盘±近20日真实波幅中位数；0.1%合并近价位；未使用次日高低价选择参数
2025-08-19,development,note_delta2,6,3,1,1,2,0,2,可达带=当日收盘±近20日真实波幅中位数；0.1%合并近价位；未使用次日高低价选择参数
2025-08-20,development,note_delta1,6,4,3,3,1,0,1,可达带=当日收盘±近20日真实波幅中位数；0.1%合并近价位；未使用次日高低价选择参数
2025-08-20,development,note_delta2,6,3,2,2,1,0,1,可达带=当日收盘±近20日真实波幅中位数；0.1%合并近价位；未使用次日高低价选择参数
2025-08-21,development,note_delta1,6,3,4,3,0,1,1,可达带=当日收盘±近20日真实波幅中位数；0.1%合并近价位；未使用次日高低价选择参数
2025-08-21,development,note_delta2,6,3,3,2,1,1,0,可达带=当日收盘±近20日真实波幅中位数；0.1%合并近价位；未使用次日高低价选择参数
2025-08-22,development,note_delta1,6,4,3,2,2,1,1,可达带=当日收盘±近20日真实波幅中位数；0.1%合并近价位；未使用次日高低价选择参数
2025-08-22,development,note_delta2,6,4,4,2,2,2,0,可达带=当日收盘±近20日真实波幅中位数；0.1%合并近价位；未使用次日高低价选择参数
2025-08-25,development,note_delta1,6,3,2,2,1,0,1,可达带=当日收盘±近20日真实波幅中位数；0.1%合并近价位；未使用次日高低价选择参数
2025-08-25,development,note_delta2,6,3,3,3,0,0,0,可达带=当日收盘±近20日真实波幅中位数；0.1%合并近价位；未使用次日高低价选择参数
2025-08-26,development,note_delta1,6,3,3,0,3,3,0,可达带=当日收盘±近20日真实波幅中位数；0.1%合并近价位；未使用次日高低价选择参数
2025-08-26,development,note_delta2,6,2,3,0,2,3,1,可达带=当日收盘±近20日真实波幅中位数；0.1%合并近价位；未使用次日高低价选择参数
2025-08-27,development,note_delta1,6,2,5,2,0,3,3,可达带=当日收盘±近20日真实波幅中位数；0.1%合并近价位；未使用次日高低价选择参数
2025-08-27,development,note_delta2,6,3,4,2,1,2,1,可达带=当日收盘±近20日真实波幅中位数；0.1%合并近价位；未使用次日高低价选择参数
2025-08-28,development,note_delta1,6,3,3,3,0,0,0,可达带=当日收盘±近20日真实波幅中位数；0.1%合并近价位；未使用次日高低价选择参数
2025-08-28,development,note_delta2,6,3,2,2,1,0,1,可达带=当日收盘±近20日真实波幅中位数；0.1%合并近价位；未使用次日高低价选择参数
2025-08-29,development,note_delta1,6,3,4,3,0,1,1,可达带=当日收盘±近20日真实波幅中位数；0.1%合并近价位；未使用次日高低价选择参数
2025-08-29,development,note_delta2,6,3,4,3,0,1,1,可达带=当日收盘±近20日真实波幅中位数；0.1%合并近价位；未使用次日高低价选择参数
2025-09-01,development,note_delta1,6,3,4,3,0,1,1,可达带=当日收盘±近20日真实波幅中位数；0.1%合并近价位；未使用次日高低价选择参数
2025-09-01,development,note_delta2,6,3,4,3,0,1,1,可达带=当日收盘±近20日真实波幅中位数；0.1%合并近价位；未使用次日高低价选择参数
2025-09-02,development,note_delta1,5,1,1,1,0,0,0,可达带=当日收盘±近20日真实波幅中位数；0.1%合并近价位；未使用次日高低价选择参数
2025-09-02,development,note_delta2,6,1,1,1,0,0,0,可达带=当日收盘±近20日真实波幅中位数；0.1%合并近价位；未使用次日高低价选择参数
2025-09-03,development,note_delta1,6,2,2,2,0,0,0,可达带=当日收盘±近20日真实波幅中位数；0.1%合并近价位；未使用次日高低价选择参数
2025-09-03,development,note_delta2,6,1,2,1,0,1,1,可达带=当日收盘±近20日真实波幅中位数；0.1%合并近价位；未使用次日高低价选择参数
2025-09-04,development,note_delta1,6,1,3,1,0,2,2,可达带=当日收盘±近20日真实波幅中位数；0.1%合并近价位；未使用次日高低价选择参数
2025-09-04,development,note_delta2,6,0,0,0,0,0,0,可达带=当日收盘±近20日真实波幅中位数；0.1%合并近价位；未使用次日高低价选择参数
2025-09-05,development,note_delta1,6,3,0,0,3,0,3,可达带=当日收盘±近20日真实波幅中位数；0.1%合并近价位；未使用次日高低价选择参数
2025-09-05,development,note_delta2,6,3,0,0,3,0,3,可达带=当日收盘±近20日真实波幅中位数；0.1%合并近价位；未使用次日高低价选择参数
2025-09-08,development,note_delta1,6,3,1,1,2,0,2,可达带=当日收盘±近20日真实波幅中位数；0.1%合并近价位；未使用次日高低价选择参数
2025-09-08,development,note_delta2,6,3,1,1,2,0,2,可达带=当日收盘±近20日真实波幅中位数；0.1%合并近价位；未使用次日高低价选择参数
2025-09-09,development,note_delta1,6,3,1,1,2,0,2,可达带=当日收盘±近20日真实波幅中位数；0.1%合并近价位；未使用次日高低价选择参数
2025-09-09,development,note_delta2,6,3,0,0,3,0,3,可达带=当日收盘±近20日真实波幅中位数；0.1%合并近价位；未使用次日高低价选择参数
2025-09-10,development,note_delta1,6,3,0,0,3,0,3,可达带=当日收盘±近20日真实波幅中位数；0.1%合并近价位；未使用次日高低价选择参数
2025-09-10,development,note_delta2,6,2,0,0,2,0,2,可达带=当日收盘±近20日真实波幅中位数；0.1%合并近价位；未使用次日高低价选择参数
2025-09-11,development,note_delta1,6,3,1,1,2,0,2,可达带=当日收盘±近20日真实波幅中位数；0.1%合并近价位；未使用次日高低价选择参数
2025-09-11,development,note_delta2,6,2,0,0,2,0,2,可达带=当日收盘±近20日真实波幅中位数；0.1%合并近价位；未使用次日高低价选择参数
2025-09-12,development,note_delta1,6,3,3,3,0,0,0,可达带=当日收盘±近20日真实波幅中位数；0.1%合并近价位；未使用次日高低价选择参数
2025-09-12,development,note_delta2,6,3,2,2,1,0,1,可达带=当日收盘±近20日真实波幅中位数；0.1%合并近价位；未使用次日高低价选择参数
2025-09-15,development,note_delta1,6,3,1,1,2,0,2,可达带=当日收盘±近20日真实波幅中位数；0.1%合并近价位；未使用次日高低价选择参数
2025-09-15,development,note_delta2,4,3,2,2,1,0,1,可达带=当日收盘±近20日真实波幅中位数；0.1%合并近价位；未使用次日高低价选择参数
2025-09-16,holdout,note_delta1,6,3,0,0,3,0,3,可达带=当日收盘±近20日真实波幅中位数；0.1%合并近价位；未使用次日高低价选择参数
2025-09-16,holdout,note_delta2,6,3,0,0,3,0,3,可达带=当日收盘±近20日真实波幅中位数；0.1%合并近价位；未使用次日高低价选择参数
2025-09-17,holdout,note_delta1,6,3,1,1,2,0,2,可达带=当日收盘±近20日真实波幅中位数；0.1%合并近价位；未使用次日高低价选择参数
2025-09-17,holdout,note_delta2,6,3,0,0,3,0,3,可达带=当日收盘±近20日真实波幅中位数；0.1%合并近价位；未使用次日高低价选择参数
2025-09-18,holdout,note_delta1,6,3,1,1,2,0,2,可达带=当日收盘±近20日真实波幅中位数；0.1%合并近价位；未使用次日高低价选择参数
2025-09-18,holdout,note_delta2,6,3,3,3,0,0,0,可达带=当日收盘±近20日真实波幅中位数；0.1%合并近价位；未使用次日高低价选择参数
2025-09-19,holdout,note_delta1,6,3,3,3,0,0,0,可达带=当日收盘±近20日真实波幅中位数；0.1%合并近价位；未使用次日高低价选择参数
2025-09-19,holdout,note_delta2,6,3,3,3,0,0,0,可达带=当日收盘±近20日真实波幅中位数；0.1%合并近价位；未使用次日高低价选择参数
2025-09-22,holdout,note_delta1,6,3,3,3,0,0,0,可达带=当日收盘±近20日真实波幅中位数；0.1%合并近价位；未使用次日高低价选择参数
2025-09-22,holdout,note_delta2,6,3,3,3,0,0,0,可达带=当日收盘±近20日真实波幅中位数；0.1%合并近价位；未使用次日高低价选择参数
2025-09-23,holdout,note_delta1,6,6,3,3,3,0,3,可达带=当日收盘±近20日真实波幅中位数；0.1%合并近价位；未使用次日高低价选择参数
2025-09-23,holdout,note_delta2,4,3,1,1,2,0,2,可达带=当日收盘±近20日真实波幅中位数；0.1%合并近价位；未使用次日高低价选择参数
2025-09-24,holdout,note_delta1,6,6,6,6,0,0,0,可达带=当日收盘±近20日真实波幅中位数；0.1%合并近价位；未使用次日高低价选择参数
2025-09-24,holdout,note_delta2,6,6,6,6,0,0,0,可达带=当日收盘±近20日真实波幅中位数；0.1%合并近价位；未使用次日高低价选择参数
2025-09-25,holdout,note_delta1,6,6,1,1,5,0,5,可达带=当日收盘±近20日真实波幅中位数；0.1%合并近价位；未使用次日高低价选择参数
2025-09-25,holdout,note_delta2,6,6,0,0,6,0,6,可达带=当日收盘±近20日真实波幅中位数；0.1%合并近价位；未使用次日高低价选择参数
2025-09-26,holdout,note_delta1,6,6,4,4,2,0,2,可达带=当日收盘±近20日真实波幅中位数；0.1%合并近价位；未使用次日高低价选择参数
2025-09-26,holdout,note_delta2,6,6,4,4,2,0,2,可达带=当日收盘±近20日真实波幅中位数；0.1%合并近价位；未使用次日高低价选择参数
2025-09-29,holdout,note_delta1,4,4,3,3,1,0,1,可达带=当日收盘±近20日真实波幅中位数；0.1%合并近价位；未使用次日高低价选择参数
2025-09-29,holdout,note_delta2,6,6,5,5,1,0,1,可达带=当日收盘±近20日真实波幅中位数；0.1%合并近价位；未使用次日高低价选择参数
2025-09-30,holdout,note_delta1,6,6,1,1,5,0,5,可达带=当日收盘±近20日真实波幅中位数；0.1%合并近价位；未使用次日高低价选择参数
2025-09-30,holdout,note_delta2,5,5,0,0,5,0,5,可达带=当日收盘±近20日真实波幅中位数；0.1%合并近价位；未使用次日高低价选择参数
2025-10-09,holdout,note_delta1,6,3,0,0,3,0,3,可达带=当日收盘±近20日真实波幅中位数；0.1%合并近价位；未使用次日高低价选择参数
2025-10-09,holdout,note_delta2,6,3,0,0,3,0,3,可达带=当日收盘±近20日真实波幅中位数；0.1%合并近价位；未使用次日高低价选择参数
2025-10-10,holdout,note_delta1,6,3,1,1,2,0,2,可达带=当日收盘±近20日真实波幅中位数；0.1%合并近价位；未使用次日高低价选择参数
2025-10-10,holdout,note_delta2,6,3,0,0,3,0,3,可达带=当日收盘±近20日真实波幅中位数；0.1%合并近价位；未使用次日高低价选择参数
2025-10-13,holdout,note_delta1,4,3,3,3,0,0,0,可达带=当日收盘±近20日真实波幅中位数；0.1%合并近价位；未使用次日高低价选择参数
2025-10-13,holdout,note_delta2,6,3,3,3,0,0,0,可达带=当日收盘±近20日真实波幅中位数；0.1%合并近价位；未使用次日高低价选择参数
2025-10-14,holdout,note_delta1,5,3,1,1,2,0,2,可达带=当日收盘±近20日真实波幅中位数；0.1%合并近价位；未使用次日高低价选择参数
2025-10-14,holdout,note_delta2,4,3,1,1,2,0,2,可达带=当日收盘±近20日真实波幅中位数；0.1%合并近价位；未使用次日高低价选择参数
2025-10-15,holdout,note_delta1,6,3,2,2,1,0,1,可达带=当日收盘±近20日真实波幅中位数；0.1%合并近价位；未使用次日高低价选择参数
2025-10-15,holdout,note_delta2,6,3,1,1,2,0,2,可达带=当日收盘±近20日真实波幅中位数；0.1%合并近价位；未使用次日高低价选择参数
2025-10-16,holdout,note_delta1,6,3,3,3,0,0,0,可达带=当日收盘±近20日真实波幅中位数；0.1%合并近价位；未使用次日高低价选择参数
2025-10-16,holdout,note_delta2,4,3,2,2,1,0,1,可达带=当日收盘±近20日真实波幅中位数；0.1%合并近价位；未使用次日高低价选择参数
2025-10-17,holdout,note_delta1,6,3,0,0,3,0,3,可达带=当日收盘±近20日真实波幅中位数；0.1%合并近价位；未使用次日高低价选择参数
2025-10-17,holdout,note_delta2,6,3,0,0,3,0,3,可达带=当日收盘±近20日真实波幅中位数；0.1%合并近价位；未使用次日高低价选择参数
2025-10-20,holdout,note_delta1,6,3,0,0,3,0,3,可达带=当日收盘±近20日真实波幅中位数；0.1%合并近价位；未使用次日高低价选择参数
2025-10-20,holdout,note_delta2,6,3,0,0,3,0,3,可达带=当日收盘±近20日真实波幅中位数；0.1%合并近价位；未使用次日高低价选择参数
2025-10-21,holdout,note_delta1,6,5,1,1,4,0,4,可达带=当日收盘±近20日真实波幅中位数；0.1%合并近价位；未使用次日高低价选择参数
2025-10-21,holdout,note_delta2,6,4,0,0,4,0,4,可达带=当日收盘±近20日真实波幅中位数；0.1%合并近价位；未使用次日高低价选择参数
2025-10-22,holdout,note_delta1,6,3,2,2,1,0,1,可达带=当日收盘±近20日真实波幅中位数；0.1%合并近价位；未使用次日高低价选择参数
2025-10-22,holdout,note_delta2,6,3,2,2,1,0,1,可达带=当日收盘±近20日真实波幅中位数；0.1%合并近价位；未使用次日高低价选择参数
2025-10-23,holdout,note_delta1,4,3,3,3,0,0,0,可达带=当日收盘±近20日真实波幅中位数；0.1%合并近价位；未使用次日高低价选择参数
2025-10-23,holdout,note_delta2,6,3,3,3,0,0,0,可达带=当日收盘±近20日真实波幅中位数；0.1%合并近价位；未使用次日高低价选择参数
2025-10-24,holdout,note_delta1,6,5,4,3,2,1,1,可达带=当日收盘±近20日真实波幅中位数；0.1%合并近价位；未使用次日高低价选择参数
2025-10-24,holdout,note_delta2,6,6,3,3,3,0,3,可达带=当日收盘±近20日真实波幅中位数；0.1%合并近价位；未使用次日高低价选择参数
2025-10-27,holdout,note_delta1,6,6,4,4,2,0,2,可达带=当日收盘±近20日真实波幅中位数；0.1%合并近价位；未使用次日高低价选择参数
2025-10-27,holdout,note_delta2,6,6,5,5,1,0,1,可达带=当日收盘±近20日真实波幅中位数；0.1%合并近价位；未使用次日高低价选择参数
2025-10-28,holdout,note_delta1,6,6,3,3,3,0,3,可达带=当日收盘±近20日真实波幅中位数；0.1%合并近价位；未使用次日高低价选择参数
2025-10-28,holdout,note_delta2,6,6,4,4,2,0,2,可达带=当日收盘±近20日真实波幅中位数；0.1%合并近价位；未使用次日高低价选择参数
2025-10-29,holdout,note_delta1,6,5,0,0,5,0,5,可达带=当日收盘±近20日真实波幅中位数；0.1%合并近价位；未使用次日高低价选择参数
2025-10-29,holdout,note_delta2,6,5,0,0,5,0,5,可达带=当日收盘±近20日真实波幅中位数；0.1%合并近价位；未使用次日高低价选择参数
2025-10-30,holdout,note_delta1,6,1,0,0,1,0,1,可达带=当日收盘±近20日真实波幅中位数；0.1%合并近价位；未使用次日高低价选择参数
2025-10-30,holdout,note_delta2,6,1,0,0,1,0,1,可达带=当日收盘±近20日真实波幅中位数；0.1%合并近价位；未使用次日高低价选择参数
2025-10-31,holdout,note_delta1,6,1,0,0,1,0,1,可达带=当日收盘±近20日真实波幅中位数；0.1%合并近价位；未使用次日高低价选择参数
2025-10-31,holdout,note_delta2,3,0,0,0,0,0,0,可达带=当日收盘±近20日真实波幅中位数；0.1%合并近价位；未使用次日高低价选择参数
2025-11-03,holdout,note_delta1,6,3,1,1,2,0,2,可达带=当日收盘±近20日真实波幅中位数；0.1%合并近价位；未使用次日高低价选择参数
2025-11-03,holdout,note_delta2,6,3,2,2,1,0,1,可达带=当日收盘±近20日真实波幅中位数；0.1%合并近价位；未使用次日高低价选择参数
2025-11-04,holdout,note_delta1,6,3,1,1,2,0,2,可达带=当日收盘±近20日真实波幅中位数；0.1%合并近价位；未使用次日高低价选择参数
2025-11-04,holdout,note_delta2,6,3,1,1,2,0,2,可达带=当日收盘±近20日真实波幅中位数；0.1%合并近价位；未使用次日高低价选择参数
2025-11-05,holdout,note_delta1,6,2,0,0,2,0,2,可达带=当日收盘±近20日真实波幅中位数；0.1%合并近价位；未使用次日高低价选择参数
2025-11-05,holdout,note_delta2,6,2,0,0,2,0,2,可达带=当日收盘±近20日真实波幅中位数；0.1%合并近价位；未使用次日高低价选择参数
2025-11-06,holdout,note_delta1,5,3,1,1,2,0,2,可达带=当日收盘±近20日真实波幅中位数；0.1%合并近价位；未使用次日高低价选择参数
2025-11-06,holdout,note_delta2,5,1,0,0,1,0,1,可达带=当日收盘±近20日真实波幅中位数；0.1%合并近价位；未使用次日高低价选择参数
2025-11-07,holdout,note_delta1,4,3,3,3,0,0,0,可达带=当日收盘±近20日真实波幅中位数；0.1%合并近价位；未使用次日高低价选择参数
2025-11-07,holdout,note_delta2,4,3,3,3,0,0,0,可达带=当日收盘±近20日真实波幅中位数；0.1%合并近价位；未使用次日高低价选择参数
2025-11-10,holdout,note_delta1,4,3,3,3,0,0,0,可达带=当日收盘±近20日真实波幅中位数；0.1%合并近价位；未使用次日高低价选择参数
2025-11-10,holdout,note_delta2,4,3,3,3,0,0,0,可达带=当日收盘±近20日真实波幅中位数；0.1%合并近价位；未使用次日高低价选择参数
2025-11-11,holdout,note_delta1,6,3,1,1,2,0,2,可达带=当日收盘±近20日真实波幅中位数；0.1%合并近价位；未使用次日高低价选择参数
2025-11-11,holdout,note_delta2,5,3,0,0,3,0,3,可达带=当日收盘±近20日真实波幅中位数；0.1%合并近价位；未使用次日高低价选择参数
2025-11-12,holdout,note_delta1,5,3,0,0,3,0,3,可达带=当日收盘±近20日真实波幅中位数；0.1%合并近价位；未使用次日高低价选择参数
2025-11-12,holdout,note_delta2,6,3,1,1,2,0,2,可达带=当日收盘±近20日真实波幅中位数；0.1%合并近价位；未使用次日高低价选择参数
2025-11-13,holdout,note_delta1,4,3,1,1,2,0,2,可达带=当日收盘±近20日真实波幅中位数；0.1%合并近价位；未使用次日高低价选择参数
2025-11-13,holdout,note_delta2,5,3,1,1,2,0,2,可达带=当日收盘±近20日真实波幅中位数；0.1%合并近价位；未使用次日高低价选择参数
2025-11-14,holdout,note_delta1,6,3,2,2,1,0,1,可达带=当日收盘±近20日真实波幅中位数；0.1%合并近价位；未使用次日高低价选择参数
2025-11-14,holdout,note_delta2,5,3,2,2,1,0,1,可达带=当日收盘±近20日真实波幅中位数；0.1%合并近价位；未使用次日高低价选择参数
2025-11-17,holdout,note_delta1,6,3,2,2,1,0,1,可达带=当日收盘±近20日真实波幅中位数；0.1%合并近价位；未使用次日高低价选择参数
2025-11-17,holdout,note_delta2,6,3,2,2,1,0,1,可达带=当日收盘±近20日真实波幅中位数；0.1%合并近价位；未使用次日高低价选择参数
2025-11-18,holdout,note_delta1,6,3,2,2,1,0,1,可达带=当日收盘±近20日真实波幅中位数；0.1%合并近价位；未使用次日高低价选择参数
2025-11-18,holdout,note_delta2,5,3,1,1,2,0,2,可达带=当日收盘±近20日真实波幅中位数；0.1%合并近价位；未使用次日高低价选择参数
2025-11-19,holdout,note_delta1,6,3,0,0,3,0,3,可达带=当日收盘±近20日真实波幅中位数；0.1%合并近价位；未使用次日高低价选择参数
2025-11-19,holdout,note_delta2,6,3,0,0,3,0,3,可达带=当日收盘±近20日真实波幅中位数；0.1%合并近价位；未使用次日高低价选择参数
2025-11-20,holdout,note_delta1,5,3,0,0,3,0,3,可达带=当日收盘±近20日真实波幅中位数；0.1%合并近价位；未使用次日高低价选择参数
2025-11-20,holdout,note_delta2,6,3,0,0,3,0,3,可达带=当日收盘±近20日真实波幅中位数；0.1%合并近价位；未使用次日高低价选择参数
2025-11-21,holdout,note_delta1,6,3,0,0,3,0,3,可达带=当日收盘±近20日真实波幅中位数；0.1%合并近价位；未使用次日高低价选择参数
2025-11-21,holdout,note_delta2,6,3,0,0,3,0,3,可达带=当日收盘±近20日真实波幅中位数；0.1%合并近价位；未使用次日高低价选择参数
2025-11-24,holdout,note_delta1,6,3,2,2,1,0,1,可达带=当日收盘±近20日真实波幅中位数；0.1%合并近价位；未使用次日高低价选择参数
2025-11-24,holdout,note_delta2,6,3,3,3,0,0,0,可达带=当日收盘±近20日真实波幅中位数；0.1%合并近价位；未使用次日高低价选择参数
2025-11-25,holdout,note_delta1,6,3,3,3,0,0,0,可达带=当日收盘±近20日真实波幅中位数；0.1%合并近价位；未使用次日高低价选择参数
2025-11-25,holdout,note_delta2,6,3,3,3,0,0,0,可达带=当日收盘±近20日真实波幅中位数；0.1%合并近价位；未使用次日高低价选择参数
2025-11-26,holdout,note_delta1,6,4,2,1,3,1,2,可达带=当日收盘±近20日真实波幅中位数；0.1%合并近价位；未使用次日高低价选择参数
2025-11-26,holdout,note_delta2,6,2,3,2,0,1,1,可达带=当日收盘±近20日真实波幅中位数；0.1%合并近价位；未使用次日高低价选择参数
2025-11-27,holdout,note_delta1,6,3,3,3,0,0,0,可达带=当日收盘±近20日真实波幅中位数；0.1%合并近价位；未使用次日高低价选择参数
2025-11-27,holdout,note_delta2,6,3,2,2,1,0,1,可达带=当日收盘±近20日真实波幅中位数；0.1%合并近价位；未使用次日高低价选择参数
2025-11-28,holdout,note_delta1,6,5,1,1,4,0,4,可达带=当日收盘±近20日真实波幅中位数；0.1%合并近价位；未使用次日高低价选择参数
2025-11-28,holdout,note_delta2,6,5,3,3,2,0,2,可达带=当日收盘±近20日真实波幅中位数；0.1%合并近价位；未使用次日高低价选择参数
2025-12-01,holdout,note_delta1,6,5,3,3,2,0,2,可达带=当日收盘±近20日真实波幅中位数；0.1%合并近价位；未使用次日高低价选择参数
2025-12-01,holdout,note_delta2,6,6,4,4,2,0,2,可达带=当日收盘±近20日真实波幅中位数；0.1%合并近价位；未使用次日高低价选择参数
2025-12-02,holdout,note_delta1,5,4,4,3,1,1,0,可达带=当日收盘±近20日真实波幅中位数；0.1%合并近价位；未使用次日高低价选择参数
2025-12-02,holdout,note_delta2,6,5,5,4,1,1,0,可达带=当日收盘±近20日真实波幅中位数；0.1%合并近价位；未使用次日高低价选择参数
2025-12-03,holdout,note_delta1,6,6,2,2,4,0,4,可达带=当日收盘±近20日真实波幅中位数；0.1%合并近价位；未使用次日高低价选择参数
2025-12-03,holdout,note_delta2,6,6,1,1,5,0,5,可达带=当日收盘±近20日真实波幅中位数；0.1%合并近价位；未使用次日高低价选择参数
2025-12-04,holdout,note_delta1,6,6,4,4,2,0,2,可达带=当日收盘±近20日真实波幅中位数；0.1%合并近价位；未使用次日高低价选择参数
2025-12-04,holdout,note_delta2,6,6,3,3,3,0,3,可达带=当日收盘±近20日真实波幅中位数；0.1%合并近价位；未使用次日高低价选择参数
2025-12-05,holdout,note_delta1,6,5,6,5,0,1,1,可达带=当日收盘±近20日真实波幅中位数；0.1%合并近价位；未使用次日高低价选择参数
2025-12-05,holdout,note_delta2,6,6,6,6,0,0,0,可达带=当日收盘±近20日真实波幅中位数；0.1%合并近价位；未使用次日高低价选择参数
2025-12-08,holdout,note_delta1,6,5,3,3,2,0,2,可达带=当日收盘±近20日真实波幅中位数；0.1%合并近价位；未使用次日高低价选择参数
2025-12-08,holdout,note_delta2,6,6,4,4,2,0,2,可达带=当日收盘±近20日真实波幅中位数；0.1%合并近价位；未使用次日高低价选择参数
2025-12-09,holdout,note_delta1,6,4,5,4,0,1,1,可达带=当日收盘±近20日真实波幅中位数；0.1%合并近价位；未使用次日高低价选择参数
2025-12-09,holdout,note_delta2,6,4,5,4,0,1,1,可达带=当日收盘±近20日真实波幅中位数；0.1%合并近价位；未使用次日高低价选择参数
2025-12-10,holdout,note_delta1,6,4,3,3,1,0,1,可达带=当日收盘±近20日真实波幅中位数；0.1%合并近价位；未使用次日高低价选择参数
2025-12-10,holdout,note_delta2,6,4,3,3,1,0,1,可达带=当日收盘±近20日真实波幅中位数；0.1%合并近价位；未使用次日高低价选择参数
2025-12-11,holdout,note_delta1,6,3,3,3,0,0,0,可达带=当日收盘±近20日真实波幅中位数；0.1%合并近价位；未使用次日高低价选择参数
2025-12-11,holdout,note_delta2,6,2,2,2,0,0,0,可达带=当日收盘±近20日真实波幅中位数；0.1%合并近价位；未使用次日高低价选择参数
2025-12-12,holdout,note_delta1,6,2,2,2,0,0,0,可达带=当日收盘±近20日真实波幅中位数；0.1%合并近价位；未使用次日高低价选择参数
2025-12-12,holdout,note_delta2,6,3,2,2,1,0,1,可达带=当日收盘±近20日真实波幅中位数；0.1%合并近价位；未使用次日高低价选择参数
2025-12-15,holdout,note_delta1,6,3,0,0,3,0,3,可达带=当日收盘±近20日真实波幅中位数；0.1%合并近价位；未使用次日高低价选择参数
2025-12-15,holdout,note_delta2,6,3,0,0,3,0,3,可达带=当日收盘±近20日真实波幅中位数；0.1%合并近价位；未使用次日高低价选择参数
2025-12-16,holdout,note_delta1,6,3,3,3,0,0,0,可达带=当日收盘±近20日真实波幅中位数；0.1%合并近价位；未使用次日高低价选择参数
2025-12-16,holdout,note_delta2,6,3,3,3,0,0,0,可达带=当日收盘±近20日真实波幅中位数；0.1%合并近价位；未使用次日高低价选择参数
2025-12-17,holdout,note_delta1,6,3,3,3,0,0,0,可达带=当日收盘±近20日真实波幅中位数；0.1%合并近价位；未使用次日高低价选择参数
2025-12-17,holdout,note_delta2,4,1,1,1,0,0,0,可达带=当日收盘±近20日真实波幅中位数；0.1%合并近价位；未使用次日高低价选择参数
2025-12-18,holdout,note_delta1,6,3,3,3,0,0,0,可达带=当日收盘±近20日真实波幅中位数；0.1%合并近价位；未使用次日高低价选择参数
2025-12-18,holdout,note_delta2,6,3,3,3,0,0,0,可达带=当日收盘±近20日真实波幅中位数；0.1%合并近价位；未使用次日高低价选择参数
2025-12-19,holdout,note_delta1,6,3,0,0,3,0,3,可达带=当日收盘±近20日真实波幅中位数；0.1%合并近价位；未使用次日高低价选择参数
2025-12-19,holdout,note_delta2,6,3,0,0,3,0,3,可达带=当日收盘±近20日真实波幅中位数；0.1%合并近价位；未使用次日高低价选择参数
2025-12-22,holdout,note_delta1,6,5,1,1,4,0,4,可达带=当日收盘±近20日真实波幅中位数；0.1%合并近价位；未使用次日高低价选择参数
2025-12-22,holdout,note_delta2,6,6,0,0,6,0,6,可达带=当日收盘±近20日真实波幅中位数；0.1%合并近价位；未使用次日高低价选择参数
2025-12-23,holdout,note_delta1,6,5,1,1,4,0,4,可达带=当日收盘±近20日真实波幅中位数；0.1%合并近价位；未使用次日高低价选择参数
2025-12-23,holdout,note_delta2,6,4,1,1,3,0,3,可达带=当日收盘±近20日真实波幅中位数；0.1%合并近价位；未使用次日高低价选择参数
2025-12-24,holdout,note_delta1,6,3,3,3,0,0,0,可达带=当日收盘±近20日真实波幅中位数；0.1%合并近价位；未使用次日高低价选择参数
2025-12-24,holdout,note_delta2,6,3,3,3,0,0,0,可达带=当日收盘±近20日真实波幅中位数；0.1%合并近价位；未使用次日高低价选择参数
2025-12-25,holdout,note_delta1,6,3,0,0,3,0,3,可达带=当日收盘±近20日真实波幅中位数；0.1%合并近价位；未使用次日高低价选择参数
2025-12-25,holdout,note_delta2,6,3,0,0,3,0,3,可达带=当日收盘±近20日真实波幅中位数；0.1%合并近价位；未使用次日高低价选择参数
2025-12-26,holdout,note_delta1,6,3,0,0,3,0,3,可达带=当日收盘±近20日真实波幅中位数；0.1%合并近价位；未使用次日高低价选择参数
2025-12-26,holdout,note_delta2,4,3,0,0,3,0,3,可达带=当日收盘±近20日真实波幅中位数；0.1%合并近价位；未使用次日高低价选择参数
2025-12-29,holdout,note_delta1,6,3,3,3,0,0,0,可达带=当日收盘±近20日真实波幅中位数；0.1%合并近价位；未使用次日高低价选择参数
2025-12-29,holdout,note_delta2,6,3,3,3,0,0,0,可达带=当日收盘±近20日真实波幅中位数；0.1%合并近价位；未使用次日高低价选择参数
2025-12-30,holdout,note_delta1,6,3,3,3,0,0,0,可达带=当日收盘±近20日真实波幅中位数；0.1%合并近价位；未使用次日高低价选择参数
2025-12-30,holdout,note_delta2,6,3,3,3,0,0,0,可达带=当日收盘±近20日真实波幅中位数；0.1%合并近价位；未使用次日高低价选择参数
2025-12-31,holdout,note_delta1,6,3,3,3,0,0,0,可达带=当日收盘±近20日真实波幅中位数；0.1%合并近价位；未使用次日高低价选择参数
2025-12-31,holdout,note_delta2,6,3,3,3,0,0,0,可达带=当日收盘±近20日真实波幅中位数；0.1%合并近价位；未使用次日高低价选择参数
2026-01-05,holdout,note_delta1,6,3,0,0,3,0,3,可达带=当日收盘±近20日真实波幅中位数；0.1%合并近价位；未使用次日高低价选择参数
2026-01-05,holdout,note_delta2,6,3,0,0,3,0,3,可达带=当日收盘±近20日真实波幅中位数；0.1%合并近价位；未使用次日高低价选择参数
2026-01-06,holdout,note_delta1,6,3,3,3,0,0,0,可达带=当日收盘±近20日真实波幅中位数；0.1%合并近价位；未使用次日高低价选择参数
2026-01-06,holdout,note_delta2,6,3,3,3,0,0,0,可达带=当日收盘±近20日真实波幅中位数；0.1%合并近价位；未使用次日高低价选择参数
2026-01-07,holdout,note_delta1,6,3,2,2,1,0,1,可达带=当日收盘±近20日真实波幅中位数；0.1%合并近价位；未使用次日高低价选择参数
2026-01-07,holdout,note_delta2,6,3,2,2,1,0,1,可达带=当日收盘±近20日真实波幅中位数；0.1%合并近价位；未使用次日高低价选择参数
2026-01-08,holdout,note_delta1,6,3,2,2,1,0,1,可达带=当日收盘±近20日真实波幅中位数；0.1%合并近价位；未使用次日高低价选择参数
2026-01-08,holdout,note_delta2,5,3,1,1,2,0,2,可达带=当日收盘±近20日真实波幅中位数；0.1%合并近价位；未使用次日高低价选择参数
2026-01-09,holdout,note_delta1,6,3,1,1,2,0,2,可达带=当日收盘±近20日真实波幅中位数；0.1%合并近价位；未使用次日高低价选择参数
2026-01-09,holdout,note_delta2,6,3,1,1,2,0,2,可达带=当日收盘±近20日真实波幅中位数；0.1%合并近价位；未使用次日高低价选择参数
2026-01-12,holdout,note_delta1,6,3,3,3,0,0,0,可达带=当日收盘±近20日真实波幅中位数；0.1%合并近价位；未使用次日高低价选择参数
2026-01-12,holdout,note_delta2,6,3,3,3,0,0,0,可达带=当日收盘±近20日真实波幅中位数；0.1%合并近价位；未使用次日高低价选择参数
2026-01-13,holdout,note_delta1,6,3,3,3,0,0,0,可达带=当日收盘±近20日真实波幅中位数；0.1%合并近价位；未使用次日高低价选择参数
2026-01-13,holdout,note_delta2,6,3,3,3,0,0,0,可达带=当日收盘±近20日真实波幅中位数；0.1%合并近价位；未使用次日高低价选择参数
2026-01-14,holdout,note_delta1,6,3,2,2,1,0,1,可达带=当日收盘±近20日真实波幅中位数；0.1%合并近价位；未使用次日高低价选择参数
2026-01-14,holdout,note_delta2,6,3,2,2,1,0,1,可达带=当日收盘±近20日真实波幅中位数；0.1%合并近价位；未使用次日高低价选择参数
2026-01-15,holdout,note_delta1,5,3,0,0,3,0,3,可达带=当日收盘±近20日真实波幅中位数；0.1%合并近价位；未使用次日高低价选择参数
2026-01-15,holdout,note_delta2,6,2,0,0,2,0,2,可达带=当日收盘±近20日真实波幅中位数；0.1%合并近价位；未使用次日高低价选择参数
2026-01-16,holdout,note_delta1,5,2,0,0,2,0,2,可达带=当日收盘±近20日真实波幅中位数；0.1%合并近价位；未使用次日高低价选择参数
2026-01-16,holdout,note_delta2,6,3,0,0,3,0,3,可达带=当日收盘±近20日真实波幅中位数；0.1%合并近价位；未使用次日高低价选择参数
2026-01-19,holdout,note_delta1,5,3,3,3,0,0,0,可达带=当日收盘±近20日真实波幅中位数；0.1%合并近价位；未使用次日高低价选择参数
2026-01-19,holdout,note_delta2,6,3,3,3,0,0,0,可达带=当日收盘±近20日真实波幅中位数；0.1%合并近价位；未使用次日高低价选择参数
2026-01-20,holdout,note_delta1,2,1,1,1,0,0,0,可达带=当日收盘±近20日真实波幅中位数；0.1%合并近价位；未使用次日高低价选择参数
2026-01-20,holdout,note_delta2,4,3,3,3,0,0,0,可达带=当日收盘±近20日真实波幅中位数；0.1%合并近价位；未使用次日高低价选择参数
2026-01-21,holdout,note_delta1,6,3,3,3,0,0,0,可达带=当日收盘±近20日真实波幅中位数；0.1%合并近价位；未使用次日高低价选择参数
2026-01-21,holdout,note_delta2,6,3,3,3,0,0,0,可达带=当日收盘±近20日真实波幅中位数；0.1%合并近价位；未使用次日高低价选择参数
2026-01-22,holdout,note_delta1,6,3,3,3,0,0,0,可达带=当日收盘±近20日真实波幅中位数；0.1%合并近价位；未使用次日高低价选择参数
2026-01-22,holdout,note_delta2,6,3,3,3,0,0,0,可达带=当日收盘±近20日真实波幅中位数；0.1%合并近价位；未使用次日高低价选择参数
2026-01-23,holdout,note_delta1,6,3,3,3,0,0,0,可达带=当日收盘±近20日真实波幅中位数；0.1%合并近价位；未使用次日高低价选择参数
2026-01-23,holdout,note_delta2,6,3,0,0,3,0,3,可达带=当日收盘±近20日真实波幅中位数；0.1%合并近价位；未使用次日高低价选择参数
2026-01-26,holdout,note_delta1,6,3,2,2,1,0,1,可达带=当日收盘±近20日真实波幅中位数；0.1%合并近价位；未使用次日高低价选择参数
2026-01-26,holdout,note_delta2,6,3,2,2,1,0,1,可达带=当日收盘±近20日真实波幅中位数；0.1%合并近价位；未使用次日高低价选择参数
2026-01-27,holdout,note_delta1,6,3,3,3,0,0,0,可达带=当日收盘±近20日真实波幅中位数；0.1%合并近价位；未使用次日高低价选择参数
2026-01-27,holdout,note_delta2,5,2,2,2,0,0,0,可达带=当日收盘±近20日真实波幅中位数；0.1%合并近价位；未使用次日高低价选择参数
2026-01-28,holdout,note_delta1,5,2,2,2,0,0,0,可达带=当日收盘±近20日真实波幅中位数；0.1%合并近价位；未使用次日高低价选择参数
2026-01-28,holdout,note_delta2,6,3,3,3,0,0,0,可达带=当日收盘±近20日真实波幅中位数；0.1%合并近价位；未使用次日高低价选择参数
2026-01-29,holdout,note_delta1,6,5,4,3,2,1,1,可达带=当日收盘±近20日真实波幅中位数；0.1%合并近价位；未使用次日高低价选择参数
2026-01-29,holdout,note_delta2,6,4,4,2,2,2,0,可达带=当日收盘±近20日真实波幅中位数；0.1%合并近价位；未使用次日高低价选择参数
2026-01-30,holdout,note_delta1,5,5,0,0,5,0,5,可达带=当日收盘±近20日真实波幅中位数；0.1%合并近价位；未使用次日高低价选择参数
2026-01-30,holdout,note_delta2,6,6,0,0,6,0,6,可达带=当日收盘±近20日真实波幅中位数；0.1%合并近价位；未使用次日高低价选择参数
2026-02-02,holdout,note_delta1,6,6,6,6,0,0,0,可达带=当日收盘±近20日真实波幅中位数；0.1%合并近价位；未使用次日高低价选择参数
2026-02-02,holdout,note_delta2,6,5,6,5,0,1,1,可达带=当日收盘±近20日真实波幅中位数；0.1%合并近价位；未使用次日高低价选择参数
2026-02-03,holdout,note_delta1,6,6,0,0,6,0,6,可达带=当日收盘±近20日真实波幅中位数；0.1%合并近价位；未使用次日高低价选择参数
2026-02-03,holdout,note_delta2,6,6,0,0,6,0,6,可达带=当日收盘±近20日真实波幅中位数；0.1%合并近价位；未使用次日高低价选择参数
2026-02-04,holdout,note_delta1,6,4,0,0,4,0,4,可达带=当日收盘±近20日真实波幅中位数；0.1%合并近价位；未使用次日高低价选择参数
2026-02-04,holdout,note_delta2,4,1,0,0,1,0,1,可达带=当日收盘±近20日真实波幅中位数；0.1%合并近价位；未使用次日高低价选择参数
2026-02-05,holdout,note_delta1,6,0,0,0,0,0,0,可达带=当日收盘±近20日真实波幅中位数；0.1%合并近价位；未使用次日高低价选择参数
2026-02-05,holdout,note_delta2,5,0,0,0,0,0,0,可达带=当日收盘±近20日真实波幅中位数；0.1%合并近价位；未使用次日高低价选择参数
2026-02-06,holdout,note_delta1,6,2,2,1,1,1,0,可达带=当日收盘±近20日真实波幅中位数；0.1%合并近价位；未使用次日高低价选择参数
2026-02-06,holdout,note_delta2,6,1,3,1,0,2,2,可达带=当日收盘±近20日真实波幅中位数；0.1%合并近价位；未使用次日高低价选择参数
2026-02-09,holdout,note_delta1,4,2,0,0,2,0,2,可达带=当日收盘±近20日真实波幅中位数；0.1%合并近价位；未使用次日高低价选择参数
2026-02-09,holdout,note_delta2,6,2,0,0,2,0,2,可达带=当日收盘±近20日真实波幅中位数；0.1%合并近价位；未使用次日高低价选择参数
2026-02-10,holdout,note_delta1,4,2,2,2,0,0,0,可达带=当日收盘±近20日真实波幅中位数；0.1%合并近价位；未使用次日高低价选择参数
2026-02-10,holdout,note_delta2,4,1,2,1,0,1,1,可达带=当日收盘±近20日真实波幅中位数；0.1%合并近价位；未使用次日高低价选择参数
2026-02-11,holdout,note_delta1,6,3,3,3,0,0,0,可达带=当日收盘±近20日真实波幅中位数；0.1%合并近价位；未使用次日高低价选择参数
2026-02-11,holdout,note_delta2,5,3,2,2,1,0,1,可达带=当日收盘±近20日真实波幅中位数；0.1%合并近价位；未使用次日高低价选择参数
2026-02-12,holdout,note_delta1,6,3,2,2,1,0,1,可达带=当日收盘±近20日真实波幅中位数；0.1%合并近价位；未使用次日高低价选择参数
2026-02-12,holdout,note_delta2,6,3,3,3,0,0,0,可达带=当日收盘±近20日真实波幅中位数；0.1%合并近价位；未使用次日高低价选择参数
2026-02-13,holdout,note_delta1,6,3,3,3,0,0,0,可达带=当日收盘±近20日真实波幅中位数；0.1%合并近价位；未使用次日高低价选择参数
2026-02-13,holdout,note_delta2,6,3,3,3,0,0,0,可达带=当日收盘±近20日真实波幅中位数；0.1%合并近价位；未使用次日高低价选择参数
2026-02-24,holdout,note_delta1,6,3,1,1,2,0,2,可达带=当日收盘±近20日真实波幅中位数；0.1%合并近价位；未使用次日高低价选择参数
2026-02-24,holdout,note_delta2,4,3,3,3,0,0,0,可达带=当日收盘±近20日真实波幅中位数；0.1%合并近价位；未使用次日高低价选择参数
2026-02-25,holdout,note_delta1,4,3,0,0,3,0,3,可达带=当日收盘±近20日真实波幅中位数；0.1%合并近价位；未使用次日高低价选择参数
2026-02-25,holdout,note_delta2,5,3,0,0,3,0,3,可达带=当日收盘±近20日真实波幅中位数；0.1%合并近价位；未使用次日高低价选择参数
2026-02-26,holdout,note_delta1,5,3,0,0,3,0,3,可达带=当日收盘±近20日真实波幅中位数；0.1%合并近价位；未使用次日高低价选择参数
2026-02-26,holdout,note_delta2,3,2,0,0,2,0,2,可达带=当日收盘±近20日真实波幅中位数；0.1%合并近价位；未使用次日高低价选择参数
2026-02-27,holdout,note_delta1,6,3,3,3,0,0,0,可达带=当日收盘±近20日真实波幅中位数；0.1%合并近价位；未使用次日高低价选择参数
2026-02-27,holdout,note_delta2,6,3,3,3,0,0,0,可达带=当日收盘±近20日真实波幅中位数；0.1%合并近价位；未使用次日高低价选择参数
2026-03-02,holdout,note_delta1,4,3,3,3,0,0,0,可达带=当日收盘±近20日真实波幅中位数；0.1%合并近价位；未使用次日高低价选择参数
2026-03-02,holdout,note_delta2,6,3,0,0,3,0,3,可达带=当日收盘±近20日真实波幅中位数；0.1%合并近价位；未使用次日高低价选择参数
2026-03-03,holdout,note_delta1,5,3,2,2,1,0,1,可达带=当日收盘±近20日真实波幅中位数；0.1%合并近价位；未使用次日高低价选择参数
2026-03-03,holdout,note_delta2,4,3,2,2,1,0,1,可达带=当日收盘±近20日真实波幅中位数；0.1%合并近价位；未使用次日高低价选择参数
2026-03-04,holdout,note_delta1,6,3,0,0,3,0,3,可达带=当日收盘±近20日真实波幅中位数；0.1%合并近价位；未使用次日高低价选择参数
2026-03-04,holdout,note_delta2,5,2,0,0,2,0,2,可达带=当日收盘±近20日真实波幅中位数；0.1%合并近价位；未使用次日高低价选择参数
2026-03-05,holdout,note_delta1,6,3,1,1,2,0,2,可达带=当日收盘±近20日真实波幅中位数；0.1%合并近价位；未使用次日高低价选择参数
2026-03-05,holdout,note_delta2,3,2,0,0,2,0,2,可达带=当日收盘±近20日真实波幅中位数；0.1%合并近价位；未使用次日高低价选择参数
2026-03-06,holdout,note_delta1,6,3,0,0,3,0,3,可达带=当日收盘±近20日真实波幅中位数；0.1%合并近价位；未使用次日高低价选择参数
2026-03-06,holdout,note_delta2,6,3,0,0,3,0,3,可达带=当日收盘±近20日真实波幅中位数；0.1%合并近价位；未使用次日高低价选择参数
2026-03-09,holdout,note_delta1,6,3,3,3,0,0,0,可达带=当日收盘±近20日真实波幅中位数；0.1%合并近价位；未使用次日高低价选择参数
2026-03-09,holdout,note_delta2,6,3,2,2,1,0,1,可达带=当日收盘±近20日真实波幅中位数；0.1%合并近价位；未使用次日高低价选择参数
2026-03-10,holdout,note_delta1,6,6,5,5,1,0,1,可达带=当日收盘±近20日真实波幅中位数；0.1%合并近价位；未使用次日高低价选择参数
2026-03-10,holdout,note_delta2,6,6,5,5,1,0,1,可达带=当日收盘±近20日真实波幅中位数；0.1%合并近价位；未使用次日高低价选择参数
2026-03-11,holdout,note_delta1,6,6,4,4,2,0,2,可达带=当日收盘±近20日真实波幅中位数；0.1%合并近价位；未使用次日高低价选择参数
2026-03-11,holdout,note_delta2,6,6,5,5,1,0,1,可达带=当日收盘±近20日真实波幅中位数；0.1%合并近价位；未使用次日高低价选择参数
2026-03-12,holdout,note_delta1,6,5,4,4,1,0,1,可达带=当日收盘±近20日真实波幅中位数；0.1%合并近价位；未使用次日高低价选择参数
2026-03-12,holdout,note_delta2,4,4,3,3,1,0,1,可达带=当日收盘±近20日真实波幅中位数；0.1%合并近价位；未使用次日高低价选择参数
2026-03-13,holdout,note_delta1,6,6,3,3,3,0,3,可达带=当日收盘±近20日真实波幅中位数；0.1%合并近价位；未使用次日高低价选择参数
2026-03-13,holdout,note_delta2,6,6,3,3,3,0,3,可达带=当日收盘±近20日真实波幅中位数；0.1%合并近价位；未使用次日高低价选择参数
2026-03-16,holdout,note_delta1,6,6,6,6,0,0,0,可达带=当日收盘±近20日真实波幅中位数；0.1%合并近价位；未使用次日高低价选择参数
2026-03-16,holdout,note_delta2,6,6,6,6,0,0,0,可达带=当日收盘±近20日真实波幅中位数；0.1%合并近价位；未使用次日高低价选择参数
2026-03-17,holdout,note_delta1,4,4,1,1,3,0,3,可达带=当日收盘±近20日真实波幅中位数；0.1%合并近价位；未使用次日高低价选择参数
2026-03-17,holdout,note_delta2,6,4,4,2,2,2,0,可达带=当日收盘±近20日真实波幅中位数；0.1%合并近价位；未使用次日高低价选择参数
2026-03-18,holdout,note_delta1,6,6,3,3,3,0,3,可达带=当日收盘±近20日真实波幅中位数；0.1%合并近价位；未使用次日高低价选择参数
2026-03-18,holdout,note_delta2,6,5,2,2,3,0,3,可达带=当日收盘±近20日真实波幅中位数；0.1%合并近价位；未使用次日高低价选择参数
2026-03-19,holdout,note_delta1,5,5,1,1,4,0,4,可达带=当日收盘±近20日真实波幅中位数；0.1%合并近价位；未使用次日高低价选择参数
2026-03-19,holdout,note_delta2,6,6,0,0,6,0,6,可达带=当日收盘±近20日真实波幅中位数；0.1%合并近价位；未使用次日高低价选择参数
2026-03-20,holdout,note_delta1,6,4,2,2,2,0,2,可达带=当日收盘±近20日真实波幅中位数；0.1%合并近价位；未使用次日高低价选择参数
2026-03-20,holdout,note_delta2,6,5,3,3,2,0,2,可达带=当日收盘±近20日真实波幅中位数；0.1%合并近价位；未使用次日高低价选择参数
2026-03-23,holdout,note_delta1,6,5,3,3,2,0,2,可达带=当日收盘±近20日真实波幅中位数；0.1%合并近价位；未使用次日高低价选择参数
2026-03-23,holdout,note_delta2,6,4,2,2,2,0,2,可达带=当日收盘±近20日真实波幅中位数；0.1%合并近价位；未使用次日高低价选择参数
2026-03-24,holdout,note_delta1,6,4,4,4,0,0,0,可达带=当日收盘±近20日真实波幅中位数；0.1%合并近价位；未使用次日高低价选择参数
2026-03-24,holdout,note_delta2,6,5,4,4,1,0,1,可达带=当日收盘±近20日真实波幅中位数；0.1%合并近价位；未使用次日高低价选择参数
2026-03-25,holdout,note_delta1,5,4,1,1,3,0,3,可达带=当日收盘±近20日真实波幅中位数；0.1%合并近价位；未使用次日高低价选择参数
2026-03-25,holdout,note_delta2,5,4,1,1,3,0,3,可达带=当日收盘±近20日真实波幅中位数；0.1%合并近价位；未使用次日高低价选择参数
2026-03-26,holdout,note_delta1,6,3,0,0,3,0,3,可达带=当日收盘±近20日真实波幅中位数；0.1%合并近价位；未使用次日高低价选择参数
2026-03-26,holdout,note_delta2,6,2,0,0,2,0,2,可达带=当日收盘±近20日真实波幅中位数；0.1%合并近价位；未使用次日高低价选择参数
2026-03-27,holdout,note_delta1,6,3,2,2,1,0,1,可达带=当日收盘±近20日真实波幅中位数；0.1%合并近价位；未使用次日高低价选择参数
2026-03-27,holdout,note_delta2,6,3,3,3,0,0,0,可达带=当日收盘±近20日真实波幅中位数；0.1%合并近价位；未使用次日高低价选择参数
2026-03-30,holdout,note_delta1,5,2,0,0,2,0,2,可达带=当日收盘±近20日真实波幅中位数；0.1%合并近价位；未使用次日高低价选择参数
2026-03-30,holdout,note_delta2,6,3,1,1,2,0,2,可达带=当日收盘±近20日真实波幅中位数；0.1%合并近价位；未使用次日高低价选择参数
2026-03-31,holdout,note_delta1,6,3,2,2,1,0,1,可达带=当日收盘±近20日真实波幅中位数；0.1%合并近价位；未使用次日高低价选择参数
2026-03-31,holdout,note_delta2,6,3,3,3,0,0,0,可达带=当日收盘±近20日真实波幅中位数；0.1%合并近价位；未使用次日高低价选择参数
2026-04-01,holdout,note_delta1,6,3,3,3,0,0,0,可达带=当日收盘±近20日真实波幅中位数；0.1%合并近价位；未使用次日高低价选择参数
2026-04-01,holdout,note_delta2,6,3,2,2,1,0,1,可达带=当日收盘±近20日真实波幅中位数；0.1%合并近价位；未使用次日高低价选择参数
2026-04-02,holdout,note_delta1,6,3,0,0,3,0,3,可达带=当日收盘±近20日真实波幅中位数；0.1%合并近价位；未使用次日高低价选择参数
2026-04-02,holdout,note_delta2,6,3,0,0,3,0,3,可达带=当日收盘±近20日真实波幅中位数；0.1%合并近价位；未使用次日高低价选择参数
2026-04-03,holdout,note_delta1,6,3,3,3,0,0,0,可达带=当日收盘±近20日真实波幅中位数；0.1%合并近价位；未使用次日高低价选择参数
2026-04-03,holdout,note_delta2,4,1,1,1,0,0,0,可达带=当日收盘±近20日真实波幅中位数；0.1%合并近价位；未使用次日高低价选择参数
2026-04-07,holdout,note_delta1,3,1,2,0,1,2,1,可达带=当日收盘±近20日真实波幅中位数；0.1%合并近价位；未使用次日高低价选择参数
2026-04-07,holdout,note_delta2,6,3,2,0,3,2,1,可达带=当日收盘±近20日真实波幅中位数；0.1%合并近价位；未使用次日高低价选择参数
2026-04-08,holdout,note_delta1,6,5,1,1,4,0,4,可达带=当日收盘±近20日真实波幅中位数；0.1%合并近价位；未使用次日高低价选择参数
2026-04-08,holdout,note_delta2,6,5,0,0,5,0,5,可达带=当日收盘±近20日真实波幅中位数；0.1%合并近价位；未使用次日高低价选择参数
2026-04-09,holdout,note_delta1,6,4,4,2,2,2,0,可达带=当日收盘±近20日真实波幅中位数；0.1%合并近价位；未使用次日高低价选择参数
2026-04-09,holdout,note_delta2,6,3,4,2,1,2,1,可达带=当日收盘±近20日真实波幅中位数；0.1%合并近价位；未使用次日高低价选择参数
2026-04-10,holdout,note_delta1,6,6,2,2,4,0,4,可达带=当日收盘±近20日真实波幅中位数；0.1%合并近价位；未使用次日高低价选择参数
2026-04-10,holdout,note_delta2,6,5,2,2,3,0,3,可达带=当日收盘±近20日真实波幅中位数；0.1%合并近价位；未使用次日高低价选择参数
2026-04-13,holdout,note_delta1,6,6,5,5,1,0,1,可达带=当日收盘±近20日真实波幅中位数；0.1%合并近价位；未使用次日高低价选择参数
2026-04-13,holdout,note_delta2,6,5,4,4,1,0,1,可达带=当日收盘±近20日真实波幅中位数；0.1%合并近价位；未使用次日高低价选择参数
2026-04-14,holdout,note_delta1,6,4,2,2,2,0,2,可达带=当日收盘±近20日真实波幅中位数；0.1%合并近价位；未使用次日高低价选择参数
2026-04-14,holdout,note_delta2,5,4,2,2,2,0,2,可达带=当日收盘±近20日真实波幅中位数；0.1%合并近价位；未使用次日高低价选择参数
2026-04-15,holdout,note_delta1,6,6,6,6,0,0,0,可达带=当日收盘±近20日真实波幅中位数；0.1%合并近价位；未使用次日高低价选择参数
2026-04-15,holdout,note_delta2,5,2,5,2,0,3,3,可达带=当日收盘±近20日真实波幅中位数；0.1%合并近价位；未使用次日高低价选择参数
2026-04-16,holdout,note_delta1,6,6,4,4,2,0,2,可达带=当日收盘±近20日真实波幅中位数；0.1%合并近价位；未使用次日高低价选择参数
2026-04-16,holdout,note_delta2,6,6,0,0,6,0,6,可达带=当日收盘±近20日真实波幅中位数；0.1%合并近价位；未使用次日高低价选择参数
2026-04-17,holdout,note_delta1,6,3,1,1,2,0,2,可达带=当日收盘±近20日真实波幅中位数；0.1%合并近价位；未使用次日高低价选择参数
2026-04-17,holdout,note_delta2,6,4,1,1,3,0,3,可达带=当日收盘±近20日真实波幅中位数；0.1%合并近价位；未使用次日高低价选择参数
2026-04-20,holdout,note_delta1,6,4,1,1,3,0,3,可达带=当日收盘±近20日真实波幅中位数；0.1%合并近价位；未使用次日高低价选择参数
2026-04-20,holdout,note_delta2,6,4,1,1,3,0,3,可达带=当日收盘±近20日真实波幅中位数；0.1%合并近价位；未使用次日高低价选择参数
2026-04-21,holdout,note_delta1,6,4,5,4,0,1,1,可达带=当日收盘±近20日真实波幅中位数；0.1%合并近价位；未使用次日高低价选择参数
2026-04-21,holdout,note_delta2,6,4,5,4,0,1,1,可达带=当日收盘±近20日真实波幅中位数；0.1%合并近价位；未使用次日高低价选择参数
2026-04-22,holdout,note_delta1,6,3,1,1,2,0,2,可达带=当日收盘±近20日真实波幅中位数；0.1%合并近价位；未使用次日高低价选择参数
2026-04-22,holdout,note_delta2,6,5,2,2,3,0,3,可达带=当日收盘±近20日真实波幅中位数；0.1%合并近价位；未使用次日高低价选择参数
2026-04-23,holdout,note_delta1,6,2,0,0,2,0,2,可达带=当日收盘±近20日真实波幅中位数；0.1%合并近价位；未使用次日高低价选择参数
2026-04-23,holdout,note_delta2,6,1,0,0,1,0,1,可达带=当日收盘±近20日真实波幅中位数；0.1%合并近价位；未使用次日高低价选择参数
2026-04-24,holdout,note_delta1,6,1,0,0,1,0,1,可达带=当日收盘±近20日真实波幅中位数；0.1%合并近价位；未使用次日高低价选择参数
2026-04-24,holdout,note_delta2,6,0,0,0,0,0,0,可达带=当日收盘±近20日真实波幅中位数；0.1%合并近价位；未使用次日高低价选择参数
2026-04-27,holdout,note_delta1,6,2,0,0,2,0,2,可达带=当日收盘±近20日真实波幅中位数；0.1%合并近价位；未使用次日高低价选择参数
2026-04-27,holdout,note_delta2,6,2,1,1,1,0,1,可达带=当日收盘±近20日真实波幅中位数；0.1%合并近价位；未使用次日高低价选择参数
2026-04-28,holdout,note_delta1,5,3,1,1,2,0,2,可达带=当日收盘±近20日真实波幅中位数；0.1%合并近价位；未使用次日高低价选择参数
2026-04-28,holdout,note_delta2,6,3,1,1,2,0,2,可达带=当日收盘±近20日真实波幅中位数；0.1%合并近价位；未使用次日高低价选择参数
2026-04-29,holdout,note_delta1,6,2,1,1,1,0,1,可达带=当日收盘±近20日真实波幅中位数；0.1%合并近价位；未使用次日高低价选择参数
2026-04-29,holdout,note_delta2,5,3,2,2,1,0,1,可达带=当日收盘±近20日真实波幅中位数；0.1%合并近价位；未使用次日高低价选择参数
2026-04-30,holdout,note_delta1,6,2,1,1,1,0,1,可达带=当日收盘±近20日真实波幅中位数；0.1%合并近价位；未使用次日高低价选择参数
2026-04-30,holdout,note_delta2,6,2,1,1,1,0,1,可达带=当日收盘±近20日真实波幅中位数；0.1%合并近价位；未使用次日高低价选择参数
2026-05-06,holdout,note_delta1,6,3,3,3,0,0,0,可达带=当日收盘±近20日真实波幅中位数；0.1%合并近价位；未使用次日高低价选择参数
2026-05-06,holdout,note_delta2,6,3,1,1,2,0,2,可达带=当日收盘±近20日真实波幅中位数；0.1%合并近价位；未使用次日高低价选择参数
2026-05-07,holdout,note_delta1,6,3,2,2,1,0,1,可达带=当日收盘±近20日真实波幅中位数；0.1%合并近价位；未使用次日高低价选择参数
2026-05-07,holdout,note_delta2,6,3,0,0,3,0,3,可达带=当日收盘±近20日真实波幅中位数；0.1%合并近价位；未使用次日高低价选择参数
2026-05-08,holdout,note_delta1,6,3,3,3,0,0,0,可达带=当日收盘±近20日真实波幅中位数；0.1%合并近价位；未使用次日高低价选择参数
2026-05-08,holdout,note_delta2,6,3,3,3,0,0,0,可达带=当日收盘±近20日真实波幅中位数；0.1%合并近价位；未使用次日高低价选择参数
2026-05-11,holdout,note_delta1,6,3,0,0,3,0,3,可达带=当日收盘±近20日真实波幅中位数；0.1%合并近价位；未使用次日高低价选择参数
2026-05-11,holdout,note_delta2,6,3,0,0,3,0,3,可达带=当日收盘±近20日真实波幅中位数；0.1%合并近价位；未使用次日高低价选择参数
2026-05-12,holdout,note_delta1,6,4,5,3,1,2,1,可达带=当日收盘±近20日真实波幅中位数；0.1%合并近价位；未使用次日高低价选择参数
2026-05-12,holdout,note_delta2,6,5,4,3,2,1,1,可达带=当日收盘±近20日真实波幅中位数；0.1%合并近价位；未使用次日高低价选择参数
2026-05-13,holdout,note_delta1,6,5,3,3,2,0,2,可达带=当日收盘±近20日真实波幅中位数；0.1%合并近价位；未使用次日高低价选择参数
2026-05-13,holdout,note_delta2,6,5,5,5,0,0,0,可达带=当日收盘±近20日真实波幅中位数；0.1%合并近价位；未使用次日高低价选择参数
2026-05-14,holdout,note_delta1,6,5,3,3,2,0,2,可达带=当日收盘±近20日真实波幅中位数；0.1%合并近价位；未使用次日高低价选择参数
2026-05-14,holdout,note_delta2,6,4,2,2,2,0,2,可达带=当日收盘±近20日真实波幅中位数；0.1%合并近价位；未使用次日高低价选择参数
2026-05-15,holdout,note_delta1,6,4,1,1,3,0,3,可达带=当日收盘±近20日真实波幅中位数；0.1%合并近价位；未使用次日高低价选择参数
2026-05-15,holdout,note_delta2,6,4,1,1,3,0,3,可达带=当日收盘±近20日真实波幅中位数；0.1%合并近价位；未使用次日高低价选择参数
2026-05-18,holdout,note_delta1,6,3,0,0,3,0,3,可达带=当日收盘±近20日真实波幅中位数；0.1%合并近价位；未使用次日高低价选择参数
2026-05-18,holdout,note_delta2,6,2,0,0,2,0,2,可达带=当日收盘±近20日真实波幅中位数；0.1%合并近价位；未使用次日高低价选择参数
2026-05-19,holdout,note_delta1,4,3,2,2,1,0,1,可达带=当日收盘±近20日真实波幅中位数；0.1%合并近价位；未使用次日高低价选择参数
2026-05-19,holdout,note_delta2,5,0,0,0,0,0,0,可达带=当日收盘±近20日真实波幅中位数；0.1%合并近价位；未使用次日高低价选择参数
2026-05-20,holdout,note_delta1,4,3,3,3,0,0,0,可达带=当日收盘±近20日真实波幅中位数；0.1%合并近价位；未使用次日高低价选择参数
2026-05-20,holdout,note_delta2,4,3,3,3,0,0,0,可达带=当日收盘±近20日真实波幅中位数；0.1%合并近价位；未使用次日高低价选择参数
2026-05-21,holdout,note_delta1,6,3,1,1,2,0,2,可达带=当日收盘±近20日真实波幅中位数；0.1%合并近价位；未使用次日高低价选择参数
2026-05-21,holdout,note_delta2,5,3,1,1,2,0,2,可达带=当日收盘±近20日真实波幅中位数；0.1%合并近价位；未使用次日高低价选择参数
2026-05-22,holdout,note_delta1,6,3,3,0,3,3,0,可达带=当日收盘±近20日真实波幅中位数；0.1%合并近价位；未使用次日高低价选择参数
2026-05-22,holdout,note_delta2,6,4,3,1,3,2,1,可达带=当日收盘±近20日真实波幅中位数；0.1%合并近价位；未使用次日高低价选择参数
2026-05-25,holdout,note_delta1,6,5,3,3,2,0,2,可达带=当日收盘±近20日真实波幅中位数；0.1%合并近价位；未使用次日高低价选择参数
2026-05-25,holdout,note_delta2,6,3,3,3,0,0,0,可达带=当日收盘±近20日真实波幅中位数；0.1%合并近价位；未使用次日高低价选择参数
2026-05-26,holdout,note_delta1,6,5,3,3,2,0,2,可达带=当日收盘±近20日真实波幅中位数；0.1%合并近价位；未使用次日高低价选择参数
2026-05-26,holdout,note_delta2,6,5,2,2,3,0,3,可达带=当日收盘±近20日真实波幅中位数；0.1%合并近价位；未使用次日高低价选择参数
2026-05-27,holdout,note_delta1,6,5,4,4,1,0,1,可达带=当日收盘±近20日真实波幅中位数；0.1%合并近价位；未使用次日高低价选择参数
2026-05-27,holdout,note_delta2,6,5,3,3,2,0,2,可达带=当日收盘±近20日真实波幅中位数；0.1%合并近价位；未使用次日高低价选择参数
2026-05-28,holdout,note_delta1,6,4,2,2,2,0,2,可达带=当日收盘±近20日真实波幅中位数；0.1%合并近价位；未使用次日高低价选择参数
2026-05-28,holdout,note_delta2,6,5,3,3,2,0,2,可达带=当日收盘±近20日真实波幅中位数；0.1%合并近价位；未使用次日高低价选择参数
2026-05-29,holdout,note_delta1,6,3,0,0,3,0,3,可达带=当日收盘±近20日真实波幅中位数；0.1%合并近价位；未使用次日高低价选择参数
2026-05-29,holdout,note_delta2,6,2,0,0,2,0,2,可达带=当日收盘±近20日真实波幅中位数；0.1%合并近价位；未使用次日高低价选择参数
2026-06-01,holdout,note_delta1,6,3,5,3,0,2,2,可达带=当日收盘±近20日真实波幅中位数；0.1%合并近价位；未使用次日高低价选择参数
2026-06-01,holdout,note_delta2,6,1,4,1,0,3,3,可达带=当日收盘±近20日真实波幅中位数；0.1%合并近价位；未使用次日高低价选择参数
2026-06-02,holdout,note_delta1,6,5,3,2,3,1,2,可达带=当日收盘±近20日真实波幅中位数；0.1%合并近价位；未使用次日高低价选择参数
2026-06-02,holdout,note_delta2,6,6,3,3,3,0,3,可达带=当日收盘±近20日真实波幅中位数；0.1%合并近价位；未使用次日高低价选择参数
2026-06-03,holdout,note_delta1,6,5,1,1,4,0,4,可达带=当日收盘±近20日真实波幅中位数；0.1%合并近价位；未使用次日高低价选择参数
2026-06-03,holdout,note_delta2,6,5,1,1,4,0,4,可达带=当日收盘±近20日真实波幅中位数；0.1%合并近价位；未使用次日高低价选择参数
2026-06-04,holdout,note_delta1,6,4,4,4,0,0,0,可达带=当日收盘±近20日真实波幅中位数；0.1%合并近价位；未使用次日高低价选择参数
2026-06-04,holdout,note_delta2,6,4,4,4,0,0,0,可达带=当日收盘±近20日真实波幅中位数；0.1%合并近价位；未使用次日高低价选择参数
2026-06-05,holdout,note_delta1,6,3,0,0,3,0,3,可达带=当日收盘±近20日真实波幅中位数；0.1%合并近价位；未使用次日高低价选择参数
2026-06-05,holdout,note_delta2,6,3,0,0,3,0,3,可达带=当日收盘±近20日真实波幅中位数；0.1%合并近价位；未使用次日高低价选择参数
2026-06-08,holdout,note_delta1,6,1,3,1,0,2,2,可达带=当日收盘±近20日真实波幅中位数；0.1%合并近价位；未使用次日高低价选择参数
2026-06-08,holdout,note_delta2,6,1,3,1,0,2,2,可达带=当日收盘±近20日真实波幅中位数；0.1%合并近价位；未使用次日高低价选择参数
2026-06-09,holdout,note_delta1,6,3,3,3,0,0,0,可达带=当日收盘±近20日真实波幅中位数；0.1%合并近价位；未使用次日高低价选择参数
2026-06-09,holdout,note_delta2,6,4,3,3,1,0,1,可达带=当日收盘±近20日真实波幅中位数；0.1%合并近价位；未使用次日高低价选择参数
2026-06-10,holdout,note_delta1,6,3,3,3,0,0,0,可达带=当日收盘±近20日真实波幅中位数；0.1%合并近价位；未使用次日高低价选择参数
2026-06-10,holdout,note_delta2,6,3,3,3,0,0,0,可达带=当日收盘±近20日真实波幅中位数；0.1%合并近价位；未使用次日高低价选择参数
2026-06-11,holdout,note_delta1,6,3,3,3,0,0,0,可达带=当日收盘±近20日真实波幅中位数；0.1%合并近价位；未使用次日高低价选择参数
2026-06-11,holdout,note_delta2,6,3,3,3,0,0,0,可达带=当日收盘±近20日真实波幅中位数；0.1%合并近价位；未使用次日高低价选择参数
2026-06-12,holdout,note_delta1,5,3,3,3,0,0,0,可达带=当日收盘±近20日真实波幅中位数；0.1%合并近价位；未使用次日高低价选择参数
2026-06-12,holdout,note_delta2,6,3,3,3,0,0,0,可达带=当日收盘±近20日真实波幅中位数；0.1%合并近价位；未使用次日高低价选择参数
2026-06-15,holdout,note_delta1,6,3,3,3,0,0,0,可达带=当日收盘±近20日真实波幅中位数；0.1%合并近价位；未使用次日高低价选择参数
2026-06-15,holdout,note_delta2,5,2,2,2,0,0,0,可达带=当日收盘±近20日真实波幅中位数；0.1%合并近价位；未使用次日高低价选择参数
2026-06-16,holdout,note_delta1,6,3,0,0,3,0,3,可达带=当日收盘±近20日真实波幅中位数；0.1%合并近价位；未使用次日高低价选择参数
2026-06-16,holdout,note_delta2,6,3,1,1,2,0,2,可达带=当日收盘±近20日真实波幅中位数；0.1%合并近价位；未使用次日高低价选择参数
2026-06-17,holdout,note_delta1,4,3,0,0,3,0,3,可达带=当日收盘±近20日真实波幅中位数；0.1%合并近价位；未使用次日高低价选择参数
2026-06-17,holdout,note_delta2,4,2,0,0,2,0,2,可达带=当日收盘±近20日真实波幅中位数；0.1%合并近价位；未使用次日高低价选择参数
2026-06-18,holdout,note_delta1,6,6,5,5,1,0,1,可达带=当日收盘±近20日真实波幅中位数；0.1%合并近价位；未使用次日高低价选择参数
2026-06-18,holdout,note_delta2,6,6,3,3,3,0,3,可达带=当日收盘±近20日真实波幅中位数；0.1%合并近价位；未使用次日高低价选择参数
2026-06-22,holdout,note_delta1,6,6,2,2,4,0,4,可达带=当日收盘±近20日真实波幅中位数；0.1%合并近价位；未使用次日高低价选择参数
2026-06-22,holdout,note_delta2,6,6,3,3,3,0,3,可达带=当日收盘±近20日真实波幅中位数；0.1%合并近价位；未使用次日高低价选择参数
2026-06-23,holdout,note_delta1,6,6,3,3,3,0,3,可达带=当日收盘±近20日真实波幅中位数；0.1%合并近价位；未使用次日高低价选择参数
2026-06-23,holdout,note_delta2,6,5,1,1,4,0,4,可达带=当日收盘±近20日真实波幅中位数；0.1%合并近价位；未使用次日高低价选择参数
2026-06-24,holdout,note_delta1,6,3,6,3,0,3,3,可达带=当日收盘±近20日真实波幅中位数；0.1%合并近价位；未使用次日高低价选择参数
2026-06-24,holdout,note_delta2,5,4,5,4,0,1,1,可达带=当日收盘±近20日真实波幅中位数；0.1%合并近价位；未使用次日高低价选择参数
2026-06-25,holdout,note_delta1,6,6,2,2,4,0,4,可达带=当日收盘±近20日真实波幅中位数；0.1%合并近价位；未使用次日高低价选择参数
2026-06-25,holdout,note_delta2,6,6,3,3,3,0,3,可达带=当日收盘±近20日真实波幅中位数；0.1%合并近价位；未使用次日高低价选择参数
2026-06-26,holdout,note_delta1,6,4,3,3,1,0,1,可达带=当日收盘±近20日真实波幅中位数；0.1%合并近价位；未使用次日高低价选择参数
2026-06-26,holdout,note_delta2,6,3,0,0,3,0,3,可达带=当日收盘±近20日真实波幅中位数；0.1%合并近价位；未使用次日高低价选择参数
2026-06-29,holdout,note_delta1,5,4,4,3,1,1,0,可达带=当日收盘±近20日真实波幅中位数；0.1%合并近价位；未使用次日高低价选择参数
2026-06-29,holdout,note_delta2,5,3,5,3,0,2,2,可达带=当日收盘±近20日真实波幅中位数；0.1%合并近价位；未使用次日高低价选择参数
2026-06-30,holdout,note_delta1,6,6,6,6,0,0,0,可达带=当日收盘±近20日真实波幅中位数；0.1%合并近价位；未使用次日高低价选择参数
2026-06-30,holdout,note_delta2,6,6,6,6,0,0,0,可达带=当日收盘±近20日真实波幅中位数；0.1%合并近价位；未使用次日高低价选择参数
2026-07-01,holdout,note_delta1,6,6,0,0,6,0,6,可达带=当日收盘±近20日真实波幅中位数；0.1%合并近价位；未使用次日高低价选择参数
2026-07-01,holdout,note_delta2,6,6,0,0,6,0,6,可达带=当日收盘±近20日真实波幅中位数；0.1%合并近价位；未使用次日高低价选择参数
2026-07-02,holdout,note_delta1,6,3,2,2,1,0,1,可达带=当日收盘±近20日真实波幅中位数；0.1%合并近价位；未使用次日高低价选择参数
2026-07-02,holdout,note_delta2,6,3,2,2,1,0,1,可达带=当日收盘±近20日真实波幅中位数；0.1%合并近价位；未使用次日高低价选择参数
2026-07-03,holdout,note_delta1,4,3,0,0,3,0,3,可达带=当日收盘±近20日真实波幅中位数；0.1%合并近价位；未使用次日高低价选择参数
2026-07-03,holdout,note_delta2,6,3,2,2,1,0,1,可达带=当日收盘±近20日真实波幅中位数；0.1%合并近价位；未使用次日高低价选择参数
2026-07-06,holdout,note_delta1,6,3,1,1,2,0,2,可达带=当日收盘±近20日真实波幅中位数；0.1%合并近价位；未使用次日高低价选择参数
2026-07-06,holdout,note_delta2,6,3,1,1,2,0,2,可达带=当日收盘±近20日真实波幅中位数；0.1%合并近价位；未使用次日高低价选择参数
2026-07-07,holdout,note_delta1,5,3,1,1,2,0,2,可达带=当日收盘±近20日真实波幅中位数；0.1%合并近价位；未使用次日高低价选择参数
2026-07-07,holdout,note_delta2,6,3,1,1,2,0,2,可达带=当日收盘±近20日真实波幅中位数；0.1%合并近价位；未使用次日高低价选择参数
2026-07-08,holdout,note_delta1,4,3,0,0,3,0,3,可达带=当日收盘±近20日真实波幅中位数；0.1%合并近价位；未使用次日高低价选择参数
2026-07-08,holdout,note_delta2,4,2,0,0,2,0,2,可达带=当日收盘±近20日真实波幅中位数；0.1%合并近价位；未使用次日高低价选择参数
2026-07-09,holdout,note_delta1,4,3,3,3,0,0,0,可达带=当日收盘±近20日真实波幅中位数；0.1%合并近价位；未使用次日高低价选择参数
2026-07-09,holdout,note_delta2,4,3,0,0,3,0,3,可达带=当日收盘±近20日真实波幅中位数；0.1%合并近价位；未使用次日高低价选择参数
2026-07-10,holdout,note_delta1,4,3,3,3,0,0,0,可达带=当日收盘±近20日真实波幅中位数；0.1%合并近价位；未使用次日高低价选择参数
2026-07-10,holdout,note_delta2,4,3,3,3,0,0,0,可达带=当日收盘±近20日真实波幅中位数；0.1%合并近价位；未使用次日高低价选择参数
2026-07-13,holdout,note_delta1,5,3,3,3,0,0,0,可达带=当日收盘±近20日真实波幅中位数；0.1%合并近价位；未使用次日高低价选择参数
2026-07-13,holdout,note_delta2,3,2,2,2,0,0,0,可达带=当日收盘±近20日真实波幅中位数；0.1%合并近价位；未使用次日高低价选择参数
2026-07-14,holdout,note_delta1,6,3,2,2,1,0,1,可达带=当日收盘±近20日真实波幅中位数；0.1%合并近价位；未使用次日高低价选择参数
2026-07-14,holdout,note_delta2,6,3,1,1,2,0,2,可达带=当日收盘±近20日真实波幅中位数；0.1%合并近价位；未使用次日高低价选择参数
2026-07-15,holdout,note_delta1,5,3,1,1,2,0,2,可达带=当日收盘±近20日真实波幅中位数；0.1%合并近价位；未使用次日高低价选择参数
2026-07-15,holdout,note_delta2,6,3,1,1,2,0,2,可达带=当日收盘±近20日真实波幅中位数；0.1%合并近价位；未使用次日高低价选择参数
2026-07-16,holdout,note_delta1,6,3,0,0,3,0,3,可达带=当日收盘±近20日真实波幅中位数；0.1%合并近价位；未使用次日高低价选择参数
2026-07-16,holdout,note_delta2,4,3,0,0,3,0,3,可达带=当日收盘±近20日真实波幅中位数；0.1%合并近价位；未使用次日高低价选择参数
2026-07-17,holdout,note_delta1,5,3,2,2,1,0,1,可达带=当日收盘±近20日真实波幅中位数；0.1%合并近价位；未使用次日高低价选择参数
2026-07-17,holdout,note_delta2,5,3,2,2,1,0,1,可达带=当日收盘±近20日真实波幅中位数；0.1%合并近价位；未使用次日高低价选择参数
2026-07-20,holdout,note_delta1,5,2,2,2,0,0,0,可达带=当日收盘±近20日真实波幅中位数；0.1%合并近价位；未使用次日高低价选择参数
2026-07-20,holdout,note_delta2,6,3,3,3,0,0,0,可达带=当日收盘±近20日真实波幅中位数；0.1%合并近价位；未使用次日高低价选择参数
2026-07-21,holdout,note_delta1,4,3,3,3,0,0,0,可达带=当日收盘±近20日真实波幅中位数；0.1%合并近价位；未使用次日高低价选择参数
2026-07-21,holdout,note_delta2,6,3,3,3,0,0,0,可达带=当日收盘±近20日真实波幅中位数；0.1%合并近价位；未使用次日高低价选择参数
2026-07-22,holdout,note_delta1,6,3,2,2,1,0,1,可达带=当日收盘±近20日真实波幅中位数；0.1%合并近价位；未使用次日高低价选择参数
2026-07-22,holdout,note_delta2,6,3,3,3,0,0,0,可达带=当日收盘±近20日真实波幅中位数；0.1%合并近价位；未使用次日高低价选择参数
2026-07-23,holdout,note_delta1,6,3,2,2,1,0,1,可达带=当日收盘±近20日真实波幅中位数；0.1%合并近价位；未使用次日高低价选择参数
2026-07-23,holdout,note_delta2,6,3,2,2,1,0,1,可达带=当日收盘±近20日真实波幅中位数；0.1%合并近价位；未使用次日高低价选择参数
2026-07-24,holdout,note_delta1,6,3,0,0,3,0,3,可达带=当日收盘±近20日真实波幅中位数；0.1%合并近价位；未使用次日高低价选择参数
2026-07-24,holdout,note_delta2,6,3,0,0,3,0,3,可达带=当日收盘±近20日真实波幅中位数；0.1%合并近价位；未使用次日高低价选择参数
2026-07-27,holdout,note_delta1,6,3,0,0,3,0,3,可达带=当日收盘±近20日真实波幅中位数；0.1%合并近价位；未使用次日高低价选择参数
2026-07-27,holdout,note_delta2,6,3,0,0,3,0,3,可达带=当日收盘±近20日真实波幅中位数；0.1%合并近价位；未使用次日高低价选择参数
2026-07-28,holdout,note_delta1,6,3,1,1,2,0,2,可达带=当日收盘±近20日真实波幅中位数；0.1%合并近价位；未使用次日高低价选择参数
2026-07-28,holdout,note_delta2,6,2,1,1,1,0,1,可达带=当日收盘±近20日真实波幅中位数；0.1%合并近价位；未使用次日高低价选择参数
2026-07-29,holdout,note_delta1,6,3,1,1,2,0,2,可达带=当日收盘±近20日真实波幅中位数；0.1%合并近价位；未使用次日高低价选择参数
2026-07-29,holdout,note_delta2,6,3,2,2,1,0,1,可达带=当日收盘±近20日真实波幅中位数；0.1%合并近价位；未使用次日高低价选择参数
2026-07-30,holdout,note_delta1,6,3,1,1,2,0,2,可达带=当日收盘±近20日真实波幅中位数；0.1%合并近价位；未使用次日高低价选择参数
2026-07-30,holdout,note_delta2,6,2,1,0,2,1,1,可达带=当日收盘±近20日真实波幅中位数；0.1%合并近价位；未使用次日高低价选择参数
2026-07-31,holdout,note_delta1,6,3,2,2,1,0,1,可达带=当日收盘±近20日真实波幅中位数；0.1%合并近价位；未使用次日高低价选择参数
2026-07-31,holdout,note_delta2,6,2,1,1,1,0,1,可达带=当日收盘±近20日真实波幅中位数；0.1%合并近价位；未使用次日高低价选择参数
2026-08-03,holdout,note_delta1,6,2,0,0,2,0,2,可达带=当日收盘±近20日真实波幅中位数；0.1%合并近价位；未使用次日高低价选择参数
2026-08-03,holdout,note_delta2,6,2,0,0,2,0,2,可达带=当日收盘±近20日真实波幅中位数；0.1%合并近价位；未使用次日高低价选择参数
2026-08-04,holdout,note_delta1,6,3,3,3,0,0,0,可达带=当日收盘±近20日真实波幅中位数；0.1%合并近价位；未使用次日高低价选择参数
2026-08-04,holdout,note_delta2,4,0,1,0,0,1,1,可达带=当日收盘±近20日真实波幅中位数；0.1%合并近价位；未使用次日高低价选择参数
2026-08-05,holdout,note_delta1,6,3,3,3,0,0,0,可达带=当日收盘±近20日真实波幅中位数；0.1%合并近价位；未使用次日高低价选择参数
2026-08-05,holdout,note_delta2,6,3,3,3,0,0,0,可达带=当日收盘±近20日真实波幅中位数；0.1%合并近价位；未使用次日高低价选择参数
2026-08-06,holdout,note_delta1,6,3,3,3,0,0,0,可达带=当日收盘±近20日真实波幅中位数；0.1%合并近价位；未使用次日高低价选择参数
2026-08-06,holdout,note_delta2,6,3,3,3,0,0,0,可达带=当日收盘±近20日真实波幅中位数；0.1%合并近价位；未使用次日高低价选择参数
2026-08-07,holdout,note_delta1,6,3,0,0,3,0,3,可达带=当日收盘±近20日真实波幅中位数；0.1%合并近价位；未使用次日高低价选择参数
2026-08-07,holdout,note_delta2,6,3,0,0,3,0,3,可达带=当日收盘±近20日真实波幅中位数；0.1%合并近价位；未使用次日高低价选择参数
2026-08-10,holdout,note_delta1,6,3,0,0,3,0,3,可达带=当日收盘±近20日真实波幅中位数；0.1%合并近价位；未使用次日高低价选择参数
2026-08-10,holdout,note_delta2,6,3,0,0,3,0,3,可达带=当日收盘±近20日真实波幅中位数；0.1%合并近价位；未使用次日高低价选择参数
2026-08-11,holdout,note_delta1,6,3,1,1,2,0,2,可达带=当日收盘±近20日真实波幅中位数；0.1%合并近价位；未使用次日高低价选择参数
2026-08-11,holdout,note_delta2,6,3,2,2,1,0,1,可达带=当日收盘±近20日真实波幅中位数；0.1%合并近价位；未使用次日高低价选择参数
2026-08-12,holdout,note_delta1,6,3,0,0,3,0,3,可达带=当日收盘±近20日真实波幅中位数；0.1%合并近价位；未使用次日高低价选择参数
2026-08-12,holdout,note_delta2,6,3,0,0,3,0,3,可达带=当日收盘±近20日真实波幅中位数；0.1%合并近价位；未使用次日高低价选择参数
2026-08-13,holdout,note_delta1,6,3,0,0,3,0,3,可达带=当日收盘±近20日真实波幅中位数；0.1%合并近价位；未使用次日高低价选择参数
2026-08-13,holdout,note_delta2,6,3,0,0,3,0,3,可达带=当日收盘±近20日真实波幅中位数；0.1%合并近价位；未使用次日高低价选择参数
2026-08-14,holdout,note_delta1,6,3,3,3,0,0,0,可达带=当日收盘±近20日真实波幅中位数；0.1%合并近价位；未使用次日高低价选择参数
2026-08-14,holdout,note_delta2,6,3,3,3,0,0,0,可达带=当日收盘±近20日真实波幅中位数；0.1%合并近价位；未使用次日高低价选择参数
2026-08-17,holdout,note_delta1,6,3,2,2,1,0,1,可达带=当日收盘±近20日真实波幅中位数；0.1%合并近价位；未使用次日高低价选择参数
2026-08-17,holdout,note_delta2,6,3,3,3,0,0,0,可达带=当日收盘±近20日真实波幅中位数；0.1%合并近价位；未使用次日高低价选择参数
2026-08-18,holdout,note_delta1,5,5,0,0,5,0,5,可达带=当日收盘±近20日真实波幅中位数；0.1%合并近价位；未使用次日高低价选择参数
2026-08-18,holdout,note_delta2,6,5,0,0,5,0,5,可达带=当日收盘±近20日真实波幅中位数；0.1%合并近价位；未使用次日高低价选择参数
2026-08-19,holdout,note_delta1,6,3,0,0,3,0,3,可达带=当日收盘±近20日真实波幅中位数；0.1%合并近价位；未使用次日高低价选择参数
2026-08-19,holdout,note_delta2,5,2,0,0,2,0,2,可达带=当日收盘±近20日真实波幅中位数；0.1%合并近价位；未使用次日高低价选择参数
2026-08-20,holdout,note_delta1,6,3,3,3,0,0,0,可达带=当日收盘±近20日真实波幅中位数；0.1%合并近价位；未使用次日高低价选择参数
2026-08-20,holdout,note_delta2,6,4,3,3,1,0,1,可达带=当日收盘±近20日真实波幅中位数；0.1%合并近价位；未使用次日高低价选择参数
2026-08-21,holdout,note_delta1,6,6,3,3,3,0,3,可达带=当日收盘±近20日真实波幅中位数；0.1%合并近价位；未使用次日高低价选择参数
2026-08-21,holdout,note_delta2,6,6,3,3,3,0,3,可达带=当日收盘±近20日真实波幅中位数；0.1%合并近价位；未使用次日高低价选择参数
2026-08-24,holdout,note_delta1,6,5,1,1,4,0,4,可达带=当日收盘±近20日真实波幅中位数；0.1%合并近价位；未使用次日高低价选择参数
2026-08-24,holdout,note_delta2,6,5,1,1,4,0,4,可达带=当日收盘±近20日真实波幅中位数；0.1%合并近价位；未使用次日高低价选择参数
2026-08-25,holdout,note_delta1,4,3,3,3,0,0,0,可达带=当日收盘±近20日真实波幅中位数；0.1%合并近价位；未使用次日高低价选择参数
2026-08-25,holdout,note_delta2,6,3,2,2,1,0,1,可达带=当日收盘±近20日真实波幅中位数；0.1%合并近价位；未使用次日高低价选择参数
2026-08-26,holdout,note_delta1,4,3,3,3,0,0,0,可达带=当日收盘±近20日真实波幅中位数；0.1%合并近价位；未使用次日高低价选择参数
2026-08-26,holdout,note_delta2,4,3,1,1,2,0,2,可达带=当日收盘±近20日真实波幅中位数；0.1%合并近价位；未使用次日高低价选择参数
2026-08-27,holdout,note_delta1,6,3,3,3,0,0,0,可达带=当日收盘±近20日真实波幅中位数；0.1%合并近价位；未使用次日高低价选择参数
2026-08-27,holdout,note_delta2,6,3,3,3,0,0,0,可达带=当日收盘±近20日真实波幅中位数；0.1%合并近价位；未使用次日高低价选择参数
2026-08-28,holdout,note_delta1,4,3,2,2,1,0,1,可达带=当日收盘±近20日真实波幅中位数；0.1%合并近价位；未使用次日高低价选择参数
2026-08-28,holdout,note_delta2,6,3,3,3,0,0,0,可达带=当日收盘±近20日真实波幅中位数；0.1%合并近价位；未使用次日高低价选择参数
2026-08-31,holdout,note_delta1,6,3,3,3,0,0,0,可达带=当日收盘±近20日真实波幅中位数；0.1%合并近价位；未使用次日高低价选择参数
2026-08-31,holdout,note_delta2,5,3,2,2,1,0,1,可达带=当日收盘±近20日真实波幅中位数；0.1%合并近价位；未使用次日高低价选择参数
2026-09-01,holdout,note_delta1,5,2,0,0,2,0,2,可达带=当日收盘±近20日真实波幅中位数；0.1%合并近价位；未使用次日高低价选择参数
2026-09-01,holdout,note_delta2,6,3,0,0,3,0,3,可达带=当日收盘±近20日真实波幅中位数；0.1%合并近价位；未使用次日高低价选择参数
2026-09-02,holdout,note_delta1,6,3,3,3,0,0,0,可达带=当日收盘±近20日真实波幅中位数；0.1%合并近价位；未使用次日高低价选择参数
2026-09-02,holdout,note_delta2,6,3,1,1,2,0,2,可达带=当日收盘±近20日真实波幅中位数；0.1%合并近价位；未使用次日高低价选择参数
2026-09-03,holdout,note_delta1,6,3,2,2,1,0,1,可达带=当日收盘±近20日真实波幅中位数；0.1%合并近价位；未使用次日高低价选择参数
2026-09-03,holdout,note_delta2,6,3,3,3,0,0,0,可达带=当日收盘±近20日真实波幅中位数；0.1%合并近价位；未使用次日高低价选择参数
2026-09-04,holdout,note_delta1,4,3,0,0,3,0,3,可达带=当日收盘±近20日真实波幅中位数；0.1%合并近价位；未使用次日高低价选择参数
2026-09-04,holdout,note_delta2,5,3,0,0,3,0,3,可达带=当日收盘±近20日真实波幅中位数；0.1%合并近价位；未使用次日高低价选择参数
2026-09-07,holdout,note_delta1,5,3,0,0,3,0,3,可达带=当日收盘±近20日真实波幅中位数；0.1%合并近价位；未使用次日高低价选择参数
2026-09-07,holdout,note_delta2,4,2,0,0,2,0,2,可达带=当日收盘±近20日真实波幅中位数；0.1%合并近价位；未使用次日高低价选择参数
2026-09-08,holdout,note_delta1,4,3,0,0,3,0,3,可达带=当日收盘±近20日真实波幅中位数；0.1%合并近价位；未使用次日高低价选择参数
2026-09-08,holdout,note_delta2,4,3,0,0,3,0,3,可达带=当日收盘±近20日真实波幅中位数；0.1%合并近价位；未使用次日高低价选择参数
2026-09-09,holdout,note_delta1,6,3,2,2,1,0,1,可达带=当日收盘±近20日真实波幅中位数；0.1%合并近价位；未使用次日高低价选择参数
2026-09-09,holdout,note_delta2,6,3,3,3,0,0,0,可达带=当日收盘±近20日真实波幅中位数；0.1%合并近价位；未使用次日高低价选择参数
2026-09-10,holdout,note_delta1,6,3,3,3,0,0,0,可达带=当日收盘±近20日真实波幅中位数；0.1%合并近价位；未使用次日高低价选择参数
2026-09-10,holdout,note_delta2,6,3,3,3,0,0,0,可达带=当日收盘±近20日真实波幅中位数；0.1%合并近价位；未使用次日高低价选择参数
2026-09-11,holdout,note_delta1,6,4,0,0,4,0,4,可达带=当日收盘±近20日真实波幅中位数；0.1%合并近价位；未使用次日高低价选择参数
2026-09-11,holdout,note_delta2,6,3,0,0,3,0,3,可达带=当日收盘±近20日真实波幅中位数；0.1%合并近价位；未使用次日高低价选择参数
2026-09-14,holdout,note_delta1,6,5,1,1,4,0,4,可达带=当日收盘±近20日真实波幅中位数；0.1%合并近价位；未使用次日高低价选择参数
2026-09-14,holdout,note_delta2,6,4,0,0,4,0,4,可达带=当日收盘±近20日真实波幅中位数；0.1%合并近价位；未使用次日高低价选择参数
